<ImportExportXml xmlns:xsi="http://www.w3.org/2001/XMLSchema-instance">
  <Entities></Entities>
  <Roles></Roles>
  <Workflows></Workflows>
  <FieldSecurityProfiles></FieldSecurityProfiles>
  <Templates />
  <EntityMaps />
  <EntityRelationships />
  <OrganizationSettings />
  <optionsets />
  <WebResources>
    <WebResource>
      <WebResourceId>{23a489b1-17f0-e411-80cf-00155d802a0f}</WebResourceId>
      <Name>dev1_/js/TestResources.metadata_1033.js</Name>
      <DisplayName>dev1_/js/TestResources.metadata_1033.js</DisplayName>
      <WebResourceType>3</WebResourceType>
      <IntroducedVersion>1.0</IntroducedVersion>
      <IsEnabledForMobileClient>0</IsEnabledForMobileClient>
      <IsCustomizable>1</IsCustomizable>
      <CanBeDeleted>1</CanBeDeleted>
      <IsHidden>0</IsHidden>
      <FileName>/WebResources/dev1_jsTestResourcesmetadata_1033js23A489B1-17F0-E411-80CF-00155D802A0F</FileName>
    </WebResource>
  </WebResources>
  <SolutionPluginAssemblies>
    <PluginAssembly FullName="SparkleXrm.Plugins.MetadataWebresourceServer, Version=1.0.0.12, Culture=neutral, PublicKeyToken=21fab65cbbd5f764" CustomizationLevel="1">
      <IsolationMode>2</IsolationMode>
      <SourceType>0</SourceType>
      <IntroducedVersion>1.0.0</IntroducedVersion>
      <FileName>/PluginAssemblies/SparkleXrmPluginsMetadataWebresourceServer-D0BEFD06-CEED-E411-80E1-080027846324/SparkleXrmPluginsMetadataWebresourceServer.dll</FileName>
      <PluginTypes>
        <PluginType AssemblyQualifiedName="SparkleXrm.Plugins.MetadataWebresourceServer.MetadataServerPlugin, SparkleXrm.Plugins.MetadataWebresourceServer, Version=1.0.0.12, Culture=neutral, PublicKeyToken=21fab65cbbd5f764" Name="SparkleXrm.Plugins.MetadataWebresourceServer.MetadataServerPlugin">
          <Description>SparkleXrm metadata server webresource interceptor</Description>
          <FriendlyName>SparkleXrmMetadataServerPlugin</FriendlyName>
        </PluginType>
      </PluginTypes>
    </PluginAssembly>
  </SolutionPluginAssemblies>
  <SdkMessageProcessingSteps>
    <SdkMessageProcessingStep Name="SparkleXrmMetadataServerPlugin" SdkMessageProcessingStepId="{d4befd06-ceed-e411-80e1-080027846324}">
      <PluginTypeName>SparkleXrm.Plugins.MetadataWebresourceServer.MetadataServerPlugin, SparkleXrm.Plugins.MetadataWebresourceServer, Version=1.0.0.12, Culture=neutral, PublicKeyToken=21fab65cbbd5f764</PluginTypeName>
      <PrimaryEntity>webresource</PrimaryEntity>
      <AsyncAutoDelete>0</AsyncAutoDelete>
      <Configuration>Debug</Configuration>
      <Description>Creates a cachable metadata webresource</Description>
      <InvocationSource>0</InvocationSource>
      <Mode>0</Mode>
      <Rank>1</Rank>
      <SdkMessageId>{03bebb1b-ea3e-db11-86a7-000a3a5473e8}</SdkMessageId>
      <EventHandlerTypeCode>4602</EventHandlerTypeCode>
      <Stage>40</Stage>
      <IsCustomizable>1</IsCustomizable>
      <IsHidden>0</IsHidden>
      <SupportedDeployment>0</SupportedDeployment>
      <IntroducedVersion>1.0.0</IntroducedVersion>
      <SdkMessageProcessingStepImages />
    </SdkMessageProcessingStep>
  </SdkMessageProcessingSteps>
  <Languages>
    <Language>1033</Language>
  </Languages>
</ImportExportXml>