<ImportExportXml version="5.0.9690.4150" minimumversion="5.0" languagecode="1033" generatedBy="OnPremise" xmlns:xsi="http://www.w3.org/2001/XMLSchema-instance">
  <SolutionManifest>
    <UniqueName>SparkleXrm</UniqueName>
    <LocalizedNames>
      <LocalizedName description="SparkleXrm" languagecode="1033" />
    </LocalizedNames>
    <Descriptions>
      <Description description="MIT License - https://github.com/scottdurow/SparkleXrm/blob/master/MIT-License.txt" languagecode="1033" />
    </Descriptions>
    <Version>0.2.0</Version>
    <Managed>1</Managed>
    <Publisher>
      <UniqueName>sparklexrm</UniqueName>
      <LocalizedNames>
        <LocalizedName description="SparkleXrm" languagecode="1033" />
      </LocalizedNames>
      <Descriptions />
      <EMailAddress xsi:nil="true"></EMailAddress>
      <SupportingWebsiteUrl xsi:nil="true"></SupportingWebsiteUrl>
      <CustomizationPrefix>sparkle</CustomizationPrefix>
      <CustomizationOptionValuePrefix>52032</CustomizationOptionValuePrefix>
      <Addresses>
        <Address>
          <AddressNumber>1</AddressNumber>
          <AddressTypeCode>1</AddressTypeCode>
          <City xsi:nil="true"></City>
          <County xsi:nil="true"></County>
          <Country xsi:nil="true"></Country>
          <Fax xsi:nil="true"></Fax>
          <FreightTermsCode xsi:nil="true"></FreightTermsCode>
          <ImportSequenceNumber xsi:nil="true"></ImportSequenceNumber>
          <Latitude xsi:nil="true"></Latitude>
          <Line1 xsi:nil="true"></Line1>
          <Line2 xsi:nil="true"></Line2>
          <Line3 xsi:nil="true"></Line3>
          <Longitude xsi:nil="true"></Longitude>
          <Name xsi:nil="true"></Name>
          <PostalCode xsi:nil="true"></PostalCode>
          <PostOfficeBox xsi:nil="true"></PostOfficeBox>
          <PrimaryContactName xsi:nil="true"></PrimaryContactName>
          <ShippingMethodCode>1</ShippingMethodCode>
          <StateOrProvince xsi:nil="true"></StateOrProvince>
          <Telephone1 xsi:nil="true"></Telephone1>
          <Telephone2 xsi:nil="true"></Telephone2>
          <Telephone3 xsi:nil="true"></Telephone3>
          <TimeZoneRuleVersionNumber xsi:nil="true"></TimeZoneRuleVersionNumber>
          <UPSZone xsi:nil="true"></UPSZone>
          <UTCOffset xsi:nil="true"></UTCOffset>
          <UTCConversionTimeZoneCode xsi:nil="true"></UTCConversionTimeZoneCode>
        </Address>
        <Address>
          <AddressNumber>2</AddressNumber>
          <AddressTypeCode>1</AddressTypeCode>
          <City xsi:nil="true"></City>
          <County xsi:nil="true"></County>
          <Country xsi:nil="true"></Country>
          <Fax xsi:nil="true"></Fax>
          <FreightTermsCode xsi:nil="true"></FreightTermsCode>
          <ImportSequenceNumber xsi:nil="true"></ImportSequenceNumber>
          <Latitude xsi:nil="true"></Latitude>
          <Line1 xsi:nil="true"></Line1>
          <Line2 xsi:nil="true"></Line2>
          <Line3 xsi:nil="true"></Line3>
          <Longitude xsi:nil="true"></Longitude>
          <Name xsi:nil="true"></Name>
          <PostalCode xsi:nil="true"></PostalCode>
          <PostOfficeBox xsi:nil="true"></PostOfficeBox>
          <PrimaryContactName xsi:nil="true"></PrimaryContactName>
          <ShippingMethodCode>1</ShippingMethodCode>
          <StateOrProvince xsi:nil="true"></StateOrProvince>
          <Telephone1 xsi:nil="true"></Telephone1>
          <Telephone2 xsi:nil="true"></Telephone2>
          <Telephone3 xsi:nil="true"></Telephone3>
          <TimeZoneRuleVersionNumber xsi:nil="true"></TimeZoneRuleVersionNumber>
          <UPSZone xsi:nil="true"></UPSZone>
          <UTCOffset xsi:nil="true"></UTCOffset>
          <UTCConversionTimeZoneCode xsi:nil="true"></UTCConversionTimeZoneCode>
        </Address>
      </Addresses>
    </Publisher>
    <RootComponents>
      <RootComponent type="61" schemaName="sparkle_/css/2013/images/btn_lookup_resolving.gif" />
      <RootComponent type="61" schemaName="sparkle_/css/2013/images/control_imgs.png" />
      <RootComponent type="61" schemaName="sparkle_/css/2013/images/grid_ctrl_imgs.png" />
      <RootComponent type="61" schemaName="sparkle_/css/2013/images/inlineedit_images.png" />
      <RootComponent type="61" schemaName="sparkle_/css/2013/images/progress.gif" />
      <RootComponent type="61" schemaName="sparkle_/css/2013/images/ui_icons_222222_256x240.png" />
      <RootComponent type="61" schemaName="sparkle_/css/2013/images/ui_icons_3f5ac6_256x240.png" />
      <RootComponent type="61" schemaName="sparkle_/css/2013/sparkle.css" />
      <RootComponent type="61" schemaName="sparkle_/css/2013/sparkle_jquery_ui.css" />
      <RootComponent type="61" schemaName="sparkle_/css/images/btn_lookup_resolving.gif" />
      <RootComponent type="61" schemaName="sparkle_/css/images/collapse.gif" />
      <RootComponent type="61" schemaName="sparkle_/css/images/control_imgs.png" />
      <RootComponent type="61" schemaName="sparkle_/css/images/dev1_progressbar.gif" />
      <RootComponent type="61" schemaName="sparkle_/css/images/expand.gif" />
      <RootComponent type="61" schemaName="sparkle_/css/images/grid_ctrl_imgs.png" />
      <RootComponent type="61" schemaName="sparkle_/css/images/grid_resizer.png" />
      <RootComponent type="61" schemaName="sparkle_/css/images/inlineedit_images.png" />
      <RootComponent type="61" schemaName="sparkle_/css/images/outlook14/ButtonNormalGradient.png" />
      <RootComponent type="61" schemaName="sparkle_/css/images/outlook14/ButtonSelectedGradient.png" />
      <RootComponent type="61" schemaName="sparkle_/css/images/outlook14/GridColumnGradient.png" />
      <RootComponent type="61" schemaName="sparkle_/css/images/outlook14/GridColumnGradientHover.png" />
      <RootComponent type="61" schemaName="sparkle_/css/images/outlook14/GridToolbarBkgd.png" />
      <RootComponent type="61" schemaName="sparkle_/css/images/progress.gif" />
      <RootComponent type="61" schemaName="sparkle_/css/images/scroll_down.png" />
      <RootComponent type="61" schemaName="sparkle_/css/images/scroll_left.png" />
      <RootComponent type="61" schemaName="sparkle_/css/images/scroll_right.png" />
      <RootComponent type="61" schemaName="sparkle_/css/images/scroll_up.png" />
      <RootComponent type="61" schemaName="sparkle_/css/images/sort_asc.gif" />
      <RootComponent type="61" schemaName="sparkle_/css/images/sort_desc.gif" />
      <RootComponent type="61" schemaName="sparkle_/css/images/transparent_spacer.gif" />
      <RootComponent type="61" schemaName="sparkle_/css/images/ui_bg_flat_0_aaaaaa_40x100.png" />
      <RootComponent type="61" schemaName="sparkle_/css/images/ui_bg_flat_0_e9edf1_40x100.png" />
      <RootComponent type="61" schemaName="sparkle_/css/images/ui_bg_flat_0_ffffff_40x100.png" />
      <RootComponent type="61" schemaName="sparkle_/css/images/ui_bg_flat_100_e9edf1_40x100.png" />
      <RootComponent type="61" schemaName="sparkle_/css/images/ui_bg_flat_55_F4D79D_40x100.png" />
      <RootComponent type="61" schemaName="sparkle_/css/images/ui_bg_flat_75_cccccc_40x100.png" />
      <RootComponent type="61" schemaName="sparkle_/css/images/ui_bg_flat_75_dadada_40x100.png" />
      <RootComponent type="61" schemaName="sparkle_/css/images/ui_bg_flat_75_e6e6e6_40x100.png" />
      <RootComponent type="61" schemaName="sparkle_/css/images/ui_bg_flat_75_ffffff_40x100.png" />
      <RootComponent type="61" schemaName="sparkle_/css/images/ui_bg_glass_55_fbf9ee_1x400.png" />
      <RootComponent type="61" schemaName="sparkle_/css/images/ui_bg_glass_95_fef1ec_1x400.png" />
      <RootComponent type="61" schemaName="sparkle_/css/images/ui_icons_222222_256x240.png" />
      <RootComponent type="61" schemaName="sparkle_/css/images/ui_icons_2e83ff_256x240.png" />
      <RootComponent type="61" schemaName="sparkle_/css/images/ui_icons_3f5ac6_256x240.png" />
      <RootComponent type="61" schemaName="sparkle_/css/images/ui_icons_454545_256x240.png" />
      <RootComponent type="61" schemaName="sparkle_/css/images/ui_icons_888888_256x240.png" />
      <RootComponent type="61" schemaName="sparkle_/css/images/ui_icons_cd0a0a_256x240.png" />
      <RootComponent type="61" schemaName="sparkle_/css/sparkle.css" />
      <RootComponent type="61" schemaName="sparkle_/css/sparkle_jquery_ui.css" />
      <RootComponent type="61" schemaName="sparkle_/html/form.templates.htm" />
      <RootComponent type="61" schemaName="sparkle_/js/mscorlib.js" />
      <RootComponent type="61" schemaName="sparkle_/js/mscorlib_crm.js" />
      <RootComponent type="61" schemaName="sparkle_/js/SparkleXrm.js" />
      <RootComponent type="61" schemaName="sparkle_/js/SparkleXrmUI.js" />
      <RootComponent type="61" schemaName="sparkle_/js/SparkleXrmUI_Dependancies.js" />
    </RootComponents>
    <MissingDependencies />
  </SolutionManifest>
</ImportExportXml>