<ImportExportXml xmlns:xsi="http://www.w3.org/2001/XMLSchema-instance">
  <Entities></Entities>
  <Roles></Roles>
  <Workflows></Workflows>
  <FieldSecurityProfiles></FieldSecurityProfiles>
  <Templates />
  <EntityMaps />
  <EntityRelationships />
  <OrganizationSettings />
  <optionsets />
  <WebResources>
    <WebResource>
      <WebResourceId>{f9da14dd-6568-e611-81a8-0800278d9765}</WebResourceId>
      <Name>dev1blog_/html/RefreshJavascript.htm</Name>
      <DisplayName>dev1blog_/html/RefreshJavascript.htm</DisplayName>
      <WebResourceType>1</WebResourceType>
      <IntroducedVersion>1.0</IntroducedVersion>
      <IsEnabledForMobileClient>0</IsEnabledForMobileClient>
      <IsCustomizable>1</IsCustomizable>
      <CanBeDeleted>1</CanBeDeleted>
      <IsHidden>0</IsHidden>
      <FileName>/WebResources/dev1blog_htmlRefreshJavascripthtmF9DA14DD-6568-E611-81A8-0800278D9765</FileName>
    </WebResource>
    <WebResource>
      <WebResourceId>{fbda14dd-6568-e611-81a8-0800278d9765}</WebResourceId>
      <Name>dev1blog_/js/ClientUI.js</Name>
      <DisplayName>dev1blog_/js/ClientUI.js</DisplayName>
      <WebResourceType>3</WebResourceType>
      <IntroducedVersion>1.0</IntroducedVersion>
      <IsEnabledForMobileClient>0</IsEnabledForMobileClient>
      <IsCustomizable>1</IsCustomizable>
      <CanBeDeleted>1</CanBeDeleted>
      <IsHidden>0</IsHidden>
      <FileName>/WebResources/dev1blog_jsClientUIjsFBDA14DD-6568-E611-81A8-0800278D9765</FileName>
    </WebResource>
  </WebResources>
  <Languages>
    <Language>1033</Language>
  </Languages>
</ImportExportXml>