<ImportExportXml xmlns:xsi="http://www.w3.org/2001/XMLSchema-instance">
  <Entities></Entities>
  <Roles></Roles>
  <Workflows></Workflows>
  <FieldSecurityProfiles></FieldSecurityProfiles>
  <Templates />
  <EntityMaps />
  <EntityRelationships />
  <OrganizationSettings />
  <optionsets />
  <WebResources>
    <WebResource>
      <WebResourceId>{254f3a18-04e6-e411-80d8-080027846324}</WebResourceId>
      <Name>con_/html/Connections.htm</Name>
      <DisplayName>con_/html/Connections.htm</DisplayName>
      <WebResourceType>1</WebResourceType>
      <IntroducedVersion>1.0</IntroducedVersion>
      <IsEnabledForMobileClient>0</IsEnabledForMobileClient>
      <IsCustomizable>1</IsCustomizable>
      <CanBeDeleted>1</CanBeDeleted>
      <IsHidden>0</IsHidden>
      <FileName>/WebResources/con_htmlConnectionshtm254F3A18-04E6-E411-80D8-080027846324</FileName>
    </WebResource>
    <WebResource>
      <WebResourceId>{284f3a18-04e6-e411-80d8-080027846324}</WebResourceId>
      <Name>con_/js/ClientHooks.js</Name>
      <DisplayName>con_/js/ClientHooks.js</DisplayName>
      <WebResourceType>3</WebResourceType>
      <IntroducedVersion>1.0</IntroducedVersion>
      <IsEnabledForMobileClient>0</IsEnabledForMobileClient>
      <IsCustomizable>1</IsCustomizable>
      <CanBeDeleted>1</CanBeDeleted>
      <IsHidden>0</IsHidden>
      <FileName>/WebResources/con_jsClientHooksjs284F3A18-04E6-E411-80D8-080027846324</FileName>
    </WebResource>
    <WebResource>
      <WebResourceId>{2b4f3a18-04e6-e411-80d8-080027846324}</WebResourceId>
      <Name>con_/js/ClientUI.js</Name>
      <DisplayName>con_/js/ClientUI.js</DisplayName>
      <WebResourceType>3</WebResourceType>
      <IntroducedVersion>1.0</IntroducedVersion>
      <IsEnabledForMobileClient>0</IsEnabledForMobileClient>
      <IsCustomizable>1</IsCustomizable>
      <CanBeDeleted>1</CanBeDeleted>
      <IsHidden>0</IsHidden>
      <FileName>/WebResources/con_jsClientUIjs2B4F3A18-04E6-E411-80D8-080027846324</FileName>
    </WebResource>
    <WebResource>
      <WebResourceId>{020f77e7-0af0-e411-80e3-080027846324}</WebResourceId>
      <Name>con_/js/Res.metadata_1033.js</Name>
      <DisplayName>con_/js/Res.metadata_1033.js</DisplayName>
      <WebResourceType>3</WebResourceType>
      <IntroducedVersion>1.0</IntroducedVersion>
      <IsEnabledForMobileClient>0</IsEnabledForMobileClient>
      <IsCustomizable>1</IsCustomizable>
      <CanBeDeleted>1</CanBeDeleted>
      <IsHidden>0</IsHidden>
      <FileName>/WebResources/con_jsResmetadata_1033js020F77E7-0AF0-E411-80E3-080027846324</FileName>
    </WebResource>
    <WebResource unmodified="1">
      <WebResourceId>{11e631fa-f376-e311-80d1-080027cb4a93}</WebResourceId>
      <Name>sparkle_/js/SparkleXrmUI.js</Name>
      <DisplayName>sparkle_/js/SparkleXrmUI.js</DisplayName>
      <WebResourceType>3</WebResourceType>
      <IntroducedVersion>1.0</IntroducedVersion>
    </WebResource>
  </WebResources>
  <Languages>
    <Language>1033</Language>
    <Language>1031</Language>
  </Languages>
</ImportExportXml>