<ImportExportXml xmlns:xsi="http://www.w3.org/2001/XMLSchema-instance">
  <Entities></Entities>
  <Roles></Roles>
  <Workflows></Workflows>
  <FieldSecurityProfiles></FieldSecurityProfiles>
  <Templates />
  <RibbonDiffXml>
    <CustomActions>
      <CustomAction Id="dev1.ApplicationRibbon.Button2.Button.CustomAction" Location="Mscrm.DashboardTab.Query.Controls._children" Sequence="5">
        <CommandUIDefinition>
          <SplitButton Command="Mscrm.OpenAdvancedFind" Id="dev1.ApplicationRibbon.Button2.Button" Image32by32="/_imgs/ribbon/advancedfind32.png" Image16by16="/_imgs/ribbon/AdvancedFind_16.png" LabelText="$LocLabels:dev1.ApplicationRibbon.Button2.Button.LabelText" Sequence="5" TemplateAlias="o2">
            <Menu Id="dev1.ApplicationRibbon.Button2.Button.Menu">
              <MenuSection Id="dev1.ApplicationRibbon.Section3.Section" Sequence="10" DisplayMode="Menu16">
                <Controls Id="dev1.ApplicationRibbon.Section3.Section.Controls">
                  <Button Command="dev1.ApplicationRibbon.MultiSearch.Command" Id="dev1.ApplicationRibbon.Button5.Button" Image16by16="/_imgs/ribbon/WebResourcePreview_16.png" LabelText="$LocLabels:dev1.ApplicationRibbon.Button5.Button.LabelText" Sequence="15" />
                  <Button Command="Mscrm.OpenAdvancedFind" Id="dev1.ApplicationRibbon.Button4.Button" Image16by16="/_imgs/ribbon/AdvancedFind_16.png" LabelText="$LocLabels:dev1.ApplicationRibbon.Button4.Button.LabelText" Sequence="20" />
                </Controls>
              </MenuSection>
            </Menu>
          </SplitButton>
        </CommandUIDefinition>
      </CustomAction>
    </CustomActions>
    <Templates>
      <RibbonTemplates Id="Mscrm.Templates"></RibbonTemplates>
    </Templates>
    <CommandDefinitions>
      <CommandDefinition Id="dev1.ApplicationRibbon.MultiSearch.Command">
        <EnableRules />
        <DisplayRules />
        <Actions>
          <JavaScriptFunction FunctionName="Develop1_RibbonCommands_navigateToWebResource" Library="$webresource:dev1_/js/MultiEntitySearchRibbonHelper.js">
            <StringParameter Value="dev1_/html/MultiEntitySearch2013.htm" />
          </JavaScriptFunction>
        </Actions>
      </CommandDefinition>
    </CommandDefinitions>
    <RuleDefinitions>
      <TabDisplayRules />
      <DisplayRules />
      <EnableRules />
    </RuleDefinitions>
    <LocLabels>
      <LocLabel Id="dev1.ApplicationRibbon.Button2.Button.LabelText">
        <Titles>
          <Title description="Advanced Find" languagecode="1033" />
        </Titles>
      </LocLabel>
      <LocLabel Id="dev1.ApplicationRibbon.Button4.Button.LabelText">
        <Titles>
          <Title description="Advanced Find" languagecode="1033" />
        </Titles>
      </LocLabel>
      <LocLabel Id="dev1.ApplicationRibbon.Button5.Button.LabelText">
        <Titles>
          <Title description="Multi Search" languagecode="1033" />
        </Titles>
      </LocLabel>
    </LocLabels>
  </RibbonDiffXml>
  <EntityMaps />
  <EntityRelationships />
  <OrganizationSettings />
  <optionsets />
  <WebResources>
    <WebResource>
      <WebResourceId>{ca562d44-8d0a-e311-a508-000c299ffe7d}</WebResourceId>
      <Name>dev1_/html/MultiEntitySearch.htm</Name>
      <DisplayName>dev1_/html/MultiEntitySearch.htm</DisplayName>
      <WebResourceType>1</WebResourceType>
      <IntroducedVersion>1.0.0.0</IntroducedVersion>
      <IsCustomizable>1</IsCustomizable>
      <CanBeDeleted>1</CanBeDeleted>
      <IsHidden>0</IsHidden>
      <FileName>/WebResources/dev1_htmlMultiEntitySearchhtmCA562D44-8D0A-E311-A508-000C299FFE7D</FileName>
    </WebResource>
    <WebResource>
      <WebResourceId>{cd562d44-8d0a-e311-a508-000c299ffe7d}</WebResourceId>
      <Name>dev1_/js/MultiEntitySearch.js</Name>
      <DisplayName>dev1_/js/MultiEntitySearch.js</DisplayName>
      <WebResourceType>3</WebResourceType>
      <IntroducedVersion>1.0.0.0</IntroducedVersion>
      <IsCustomizable>1</IsCustomizable>
      <CanBeDeleted>1</CanBeDeleted>
      <IsHidden>0</IsHidden>
      <FileName>/WebResources/dev1_jsMultiEntitySearchjsCD562D44-8D0A-E311-A508-000C299FFE7D</FileName>
    </WebResource>
    <WebResource>
      <WebResourceId>{4614256a-6895-e311-80e4-080027cb4a93}</WebResourceId>
      <Name>dev1_/html/MultiEntitySearch2013.htm</Name>
      <DisplayName>dev1_/html/MultiEntitySearch2013.htm</DisplayName>
      <WebResourceType>1</WebResourceType>
      <IntroducedVersion>1.0</IntroducedVersion>
      <IsCustomizable>1</IsCustomizable>
      <CanBeDeleted>1</CanBeDeleted>
      <IsHidden>0</IsHidden>
      <FileName>/WebResources/dev1_htmlMultiEntitySearch2013htm4614256A-6895-E311-80E4-080027CB4A93</FileName>
    </WebResource>
    <WebResource>
      <WebResourceId>{6803c9fb-6c95-e311-80e4-080027cb4a93}</WebResourceId>
      <Name>dev1_/js/MultiEntitySearchRibbonHelper.js</Name>
      <DisplayName>dev1_/js/MultiEntitySearchRibbonHelper.js</DisplayName>
      <WebResourceType>3</WebResourceType>
      <IntroducedVersion>1.0</IntroducedVersion>
      <IsCustomizable>1</IsCustomizable>
      <CanBeDeleted>1</CanBeDeleted>
      <IsHidden>0</IsHidden>
      <FileName>/WebResources/dev1_jsMultiEntitySearchRibbonHelperjs6803C9FB-6C95-E311-80E4-080027CB4A93</FileName>
    </WebResource>
  </WebResources>
  <Languages>
    <Language>1033</Language>
  </Languages>
</ImportExportXml>