<ImportExportXml xmlns:xsi="http://www.w3.org/2001/XMLSchema-instance">
  <Entities></Entities>
  <Roles></Roles>
  <Workflows></Workflows>
  <FieldSecurityProfiles></FieldSecurityProfiles>
  <Templates />
  <SiteMap>
    <SiteMap>
      <Area Id="Workplace" ResourceId="Area_Workplace" ShowGroups="true" Icon="/_imgs/workplace_24x24.gif" DescriptionResourceId="Workplace_Description" ordinalvalue="0">
        <Group Id="MyWork" ResourceId="Group_MyWork" DescriptionResourceId="My_Work_Description" ordinalvalue="0">
          <SubArea Id="nav_dashboards" ResourceId="Homepage_Dashboards" Icon="/_imgs/area/18_home.gif" DescriptionResourceId="Dashboards_Description" Url="/workplace/home_dashboards.aspx" GetStartedPanePath="Dashboards_Web_User_Visor.html" GetStartedPanePathAdmin="Dashboards_Web_Admin_Visor.html" GetStartedPanePathOutlook="Dashboards_Outlook_User_Visor.html" GetStartedPanePathAdminOutlook="Dashboards_Outlook_Admin_Visor.html" ordinalvalue="0" />
          <SubArea Id="nav_activities" Entity="activitypointer" DescriptionResourceId="Activities_SubArea_Description" Url="/_root/homepage.aspx?etc=4200" GetStartedPanePath="Activities_Web_User_Visor.html" GetStartedPanePathAdmin="Activities_Web_Admin_Visor.html" GetStartedPanePathOutlook="Activities_Outlook_User_Visor.html" GetStartedPanePathAdminOutlook="Activities_Outlook_Admin_Visor.html" ordinalvalue="1" />
          <SubArea Id="nav_calendar" Icon="/_imgs/area/18_calendar.gif" ResourceId="Homepage_Calendar" Url="/workplace/home_calendar.aspx" Client="Web" ordinalvalue="2" />
          <SubArea Id="nav_import" Icon="/_imgs/area/18_import.gif" Entity="importfile" ResourceId="Homepage_Import" DescriptionResourceId="Imports_Description" AvailableOffline="false" GetStartedPanePath="Imports_Web_User_Visor.html" GetStartedPanePathAdmin="Imports_Web_Admin_Visor.html" GetStartedPanePathOutlook="Imports_Outlook_User_Visor.html" GetStartedPanePathAdminOutlook="Imports_Outlook_Admin_Visor.html" ordinalvalue="3" />
          <SubArea Id="nav_duplicatedetectionjobs" Icon="/_imgs/data_management.gif" ResourceId="Homepage_DuplicateDetectionJobs" Url="/Tools/DuplicateDetection/SystemWideDuplicateDetection/home_duplicatedetectionjobs.aspx" DescriptionResourceId="DuplicateDetectionJobs_Description" AvailableOffline="false" GetStartedPanePath="Dup-Det-Jobs_Web_User_Visor.html" GetStartedPanePathAdmin="Dup-Det-Jobs_Web_Admin_Visor.html" GetStartedPanePathOutlook="Dup-Det-Jobs_Outlook_User_Visor.html" GetStartedPanePathAdminOutlook="Dup-Det-Jobs_Outlook_Admin_Visor.html" ordinalvalue="4" />
          <SubArea Id="nav_queues" Icon="/_imgs/ico_18_2020.gif" Url="/_root/homepage.aspx?etc=2029" ResourceId="Homepage_Queues" DescriptionResourceId="Queues_SubArea_Description" GetStartedPanePath="Queues_Web_User_Visor.html" GetStartedPanePathAdmin="Queues_Web_Admin_Visor.html" GetStartedPanePathOutlook="Queues_Outlook_User_Visor.html" GetStartedPanePathAdminOutlook="Queues_Outlook_Admin_Visor.html" ordinalvalue="5" />
          <SubArea Id="nav_answers" Entity="kbarticle" DescriptionResourceId="Article_SubArea_Description" GetStartedPanePath="KB_Web_User_Visor.html" GetStartedPanePathAdmin="KB_Web_Admin_Visor.html" GetStartedPanePathOutlook="KB_Outlook_User_Visor.html" GetStartedPanePathAdminOutlook="KB_Outlook_Admin_Visor.html" ordinalvalue="6" />
          <SubArea Id="nav_reports" Entity="report" DescriptionResourceId="Reports_Description" ordinalvalue="7" />
          <SubArea Id="nav_news" Entity="businessunitnewsarticle" Url="/home/homepage/home_news.aspx" DescriptionResourceId="News_SubArea_Description" ordinalvalue="8" />
          <SubArea Id="New_MultiSearch" Icon="/_imgs/ico_18_126.gif" Url="$webresource:dev1_/html/MultiEntitySearch.htm" AvailableOffline="true" Client="All" Sku="All" ordinalvalue="9" solutionaction="Added">
            <Titles>
              <Title LCID="1033" Title="Multi-Search" />
            </Titles>
          </SubArea>
        </Group>
        <Group Id="Customers" ResourceId="Group_Customers" DescriptionResourceId="Customers_Description" ordinalvalue="1">
          <SubArea Id="nav_accts" Entity="account" DescriptionResourceId="Account_SubArea_Description" GetStartedPanePath="Accounts_Web_User_Visor.html" GetStartedPanePathAdmin="Accounts_Web_Admin_Visor.html" GetStartedPanePathOutlook="Accounts_Outlook_User_Visor.html" GetStartedPanePathAdminOutlook="Accounts_Outlook_Admin_Visor.html" ordinalvalue="0" />
          <SubArea Id="nav_conts" Entity="contact" DescriptionResourceId="Contact_SubArea_Description" GetStartedPanePath="Contacts_Web_User_Visor.html" GetStartedPanePathAdmin="Contacts_Web_Admin_Visor.html" GetStartedPanePathOutlook="Contacts_Outlook_User_Visor.html" GetStartedPanePathAdminOutlook="Contacts_Outlook_Admin_Visor.html" ordinalvalue="1" />
        </Group>
        <Group Id="SFA" ResourceId="Area_Sales" IsProfile="true" DescriptionResourceId="Sales_Description" ordinalvalue="2">
          <SubArea Id="nav_lists1" Entity="list" DescriptionResourceId="MarketingList_SubArea_Description" GetStartedPanePath="Marketing-Lists_Web_User_Visor.html" GetStartedPanePathAdmin="Marketing-Lists_Web_Admin_Visor.html" GetStartedPanePathOutlook="Marketing-Lists_Outlook_User_Visor.html" GetStartedPanePathAdminOutlook="Marketing-Lists_Outlook_Admin_Visor.html" ordinalvalue="0" />
          <SubArea Id="nav_leads" Entity="lead" DescriptionResourceId="Lead_SubArea_Description" GetStartedPanePath="Leads_Web_User_Visor.html" GetStartedPanePathAdmin="Leads_Web_Admin_Visor.html" GetStartedPanePathOutlook="Leads_Outlook_User_Visor.html" GetStartedPanePathAdminOutlook="Leads_Outlook_Admin_Visor.html" ordinalvalue="1" />
          <SubArea Id="nav_oppts" Entity="opportunity" DescriptionResourceId="Opportunity_SubArea_Description" GetStartedPanePath="Opportunities_Web_User_Visor.html" GetStartedPanePathAdmin="Opportunities_Web_Admin_Visor.html" GetStartedPanePathOutlook="Opportunities_Outlook_User_Visor.html" GetStartedPanePathAdminOutlook="Opportunities_Outlook_Admin_Visor.html" ordinalvalue="2" />
          <SubArea Id="nav_quotes" Entity="quote" DescriptionResourceId="Quote_SubArea_Description" GetStartedPanePath="Quotes_Web_User_Visor.html" GetStartedPanePathAdmin="Quotes_Web_Admin_Visor.html" GetStartedPanePathOutlook="Quotes_Outlook_User_Visor.html" GetStartedPanePathAdminOutlook="Quotes_Outlook_Admin_Visor.html" ordinalvalue="3" />
          <SubArea Id="nav_orders" Entity="salesorder" DescriptionResourceId="Orders_SubArea_Description" GetStartedPanePath="Orders_Web_User_Visor.html" GetStartedPanePathAdmin="Orders_Web_Admin_Visor.html" GetStartedPanePathOutlook="Orders_Outlook_User_Visor.html" GetStartedPanePathAdminOutlook="Orders_Outlook_Admin_Visor.html" ordinalvalue="4" />
          <SubArea Id="nav_invoices" Entity="invoice" DescriptionResourceId="Invoice_SubArea_Description" GetStartedPanePath="Invoices_Web_User_Visor.html" GetStartedPanePathAdmin="Invoices_Web_Admin_Visor.html" GetStartedPanePathOutlook="Invoices_Outlook_User_Visor.html" GetStartedPanePathAdminOutlook="Invoices_Outlook_Admin_Visor.html" ordinalvalue="5" />
        </Group>
        <Group Id="MA" ResourceId="Area_Marketing" IsProfile="true" DescriptionResourceId="Marketing_Description" ordinalvalue="3">
          <SubArea Id="nav_lists" Entity="list" DescriptionResourceId="MarketingList_SubArea_Description" GetStartedPanePath="Marketing-Lists_Web_User_Visor.html" GetStartedPanePathAdmin="Marketing-Lists_Web_Admin_Visor.html" GetStartedPanePathOutlook="Marketing-Lists_Outlook_User_Visor.html" GetStartedPanePathAdminOutlook="Marketing-Lists_Outlook_Admin_Visor.html" ordinalvalue="0" />
          <SubArea Id="nav_campaigns" Entity="campaign" DescriptionResourceId="Campaign_SubArea_Description" GetStartedPanePath="Campaigns_Web_User_Visor.html" GetStartedPanePathAdmin="Campaigns_Web_Admin_Visor.html" GetStartedPanePathOutlook="Campaigns_Outlook_User_Visor.html" GetStartedPanePathAdminOutlook="Campaigns_Outlook_Admin_Visor.html" ordinalvalue="1" />
          <SubArea Id="nav_minicamps" Entity="bulkoperation" DescriptionResourceId="Quick_Campaign_Description" Icon="/_imgs/ico_18_minicamps.gif" OutlookShortcutIcon="/_imgs/olk_4400.ico" GetStartedPanePath="Quick-Campaigns_Web_User_Visor.html" GetStartedPanePathAdmin="Quick-Campaigns_Web_Admin_Visor.html" GetStartedPanePathOutlook="Quick-Campaigns_Outlook_User_Visor.html" GetStartedPanePathAdminOutlook="Quick-Campaigns_Outlook_Admin_Visor.html" ordinalvalue="2" />
        </Group>
        <Group Id="CS" ResourceId="Area_Service" IsProfile="true" DescriptionResourceId="Customer_Service_Description" ordinalvalue="4">
          <SubArea Id="nav_cases" Entity="incident" DescriptionResourceId="Cases_SubArea_Description" GetStartedPanePath="Cases_Web_User_Visor.html" GetStartedPanePathAdmin="Cases_Web_Admin_Visor.html" GetStartedPanePathOutlook="Cases_Outlook_User_Visor.html" GetStartedPanePathAdminOutlook="Cases_Outlook_Admin_Visor.html" ordinalvalue="0" />
          <SubArea Id="nav_managekb" Entity="kbarticle" DescriptionResourceId="KBManager_SubArea_Description" Icon="/_imgs/ico_18_126.gif" Url="/_root/homepage.aspx?etc=127" AvailableOffline="false" ordinalvalue="1">
            <Privilege Entity="kbarticle" Privilege="Create,Read,Write" solutionaction="Modified" />
          </SubArea>
          <SubArea Id="nav_contracts" Entity="contract" DescriptionResourceId="Contract_SubArea_Description" GetStartedPanePath="Contracts_Web_User_Visor.html" GetStartedPanePathAdmin="Contracts_Web_Admin_Visor.html" GetStartedPanePathOutlook="Contracts_Outlook_User_Visor.html" GetStartedPanePathAdminOutlook="Contracts_Outlook_Admin_Visor.html" ordinalvalue="2" />
        </Group>
        <Group Id="SM" ResourceId="Area_Scheduling" IsProfile="true" DescriptionResourceId="Scheduling_Group_Description" ordinalvalue="5" />
      </Area>
      <Area Id="SFA" ResourceId="Area_Sales" Icon="/_imgs/sales_24x24.gif" DescriptionResourceId="Sales_Description" ordinalvalue="1">
        <Group Id="SFA" ordinalvalue="0">
          <SubArea Id="nav_leads" Entity="lead" DescriptionResourceId="Lead_SubArea_Description" GetStartedPanePath="Leads_Web_User_Visor.html" GetStartedPanePathAdmin="Leads_Web_Admin_Visor.html" GetStartedPanePathOutlook="Leads_Outlook_User_Visor.html" GetStartedPanePathAdminOutlook="Leads_Outlook_Admin_Visor.html" ordinalvalue="0" />
          <SubArea Id="nav_oppts" Entity="opportunity" DescriptionResourceId="Opportunity_SubArea_Description" GetStartedPanePath="Opportunities_Web_User_Visor.html" GetStartedPanePathAdmin="Opportunities_Web_Admin_Visor.html" GetStartedPanePathOutlook="Opportunities_Outlook_User_Visor.html" GetStartedPanePathAdminOutlook="Opportunities_Outlook_Admin_Visor.html" ordinalvalue="1" />
          <SubArea Id="nav_accts" Entity="account" DescriptionResourceId="Account_SubArea_Description" GetStartedPanePath="Accounts_Web_User_Visor.html" GetStartedPanePathAdmin="Accounts_Web_Admin_Visor.html" GetStartedPanePathOutlook="Accounts_Outlook_User_Visor.html" GetStartedPanePathAdminOutlook="Accounts_Outlook_Admin_Visor.html" ordinalvalue="2" />
          <SubArea Id="nav_conts" Entity="contact" DescriptionResourceId="Contact_SubArea_Description" GetStartedPanePath="Contacts_Web_User_Visor.html" GetStartedPanePathAdmin="Contacts_Web_Admin_Visor.html" GetStartedPanePathOutlook="Contacts_Outlook_User_Visor.html" GetStartedPanePathAdminOutlook="Contacts_Outlook_Admin_Visor.html" ordinalvalue="3" />
          <SubArea Id="nav_lists" Entity="list" DescriptionResourceId="MarketingList_SubArea_Description" GetStartedPanePath="Marketing-Lists_Web_User_Visor.html" GetStartedPanePathAdmin="Marketing-Lists_Web_Admin_Visor.html" GetStartedPanePathOutlook="Marketing-Lists_Outlook_User_Visor.html" GetStartedPanePathAdminOutlook="Marketing-Lists_Outlook_Admin_Visor.html" ordinalvalue="4" />
          <SubArea Id="nav_comps" Entity="competitor" DescriptionResourceId="Competitor_SubArea_Description" ordinalvalue="5" />
          <SubArea Id="nav_products" Entity="product" DescriptionResourceId="Product_SubArea_Description" GetStartedPanePath="Products_Web_User_Visor.html" GetStartedPanePathAdmin="Products_Web_Admin_Visor.html" GetStartedPanePathOutlook="Products_Outlook_User_Visor.html" GetStartedPanePathAdminOutlook="Products_Outlook_Admin_Visor.html" ordinalvalue="6" />
          <SubArea Id="nav_saleslit" Entity="salesliterature" DescriptionResourceId="SalesLit_SubArea_Description" ordinalvalue="7" />
          <SubArea Id="nav_quotes" Entity="quote" DescriptionResourceId="Quote_SubArea_Description" GetStartedPanePath="Quotes_Web_User_Visor.html" GetStartedPanePathAdmin="Quotes_Web_Admin_Visor.html" GetStartedPanePathOutlook="Quotes_Outlook_User_Visor.html" GetStartedPanePathAdminOutlook="Quotes_Outlook_Admin_Visor.html" ordinalvalue="8" />
          <SubArea Id="nav_orders" Entity="salesorder" DescriptionResourceId="Orders_SubArea_Description" GetStartedPanePath="Orders_Web_User_Visor.html" GetStartedPanePathAdmin="Orders_Web_Admin_Visor.html" GetStartedPanePathOutlook="Orders_Outlook_User_Visor.html" GetStartedPanePathAdminOutlook="Orders_Outlook_Admin_Visor.html" ordinalvalue="9" />
          <SubArea Id="nav_invoices" Entity="invoice" DescriptionResourceId="Invoice_SubArea_Description" GetStartedPanePath="Invoices_Web_User_Visor.html" GetStartedPanePathAdmin="Invoices_Web_Admin_Visor.html" GetStartedPanePathOutlook="Invoices_Outlook_User_Visor.html" GetStartedPanePathAdminOutlook="Invoices_Outlook_Admin_Visor.html" ordinalvalue="10" />
          <SubArea Id="nav_minicamps" Entity="bulkoperation" DescriptionResourceId="Quick_Campaign_Description" Icon="/_imgs/ico_18_minicamps.gif" GetStartedPanePath="Quick-Campaigns_Web_User_Visor.html" GetStartedPanePathAdmin="Quick-Campaigns_Web_Admin_Visor.html" GetStartedPanePathOutlook="Quick-Campaigns_Outlook_User_Visor.html" GetStartedPanePathAdminOutlook="Quick-Campaigns_Outlook_Admin_Visor.html" ordinalvalue="11" />
          <SubArea Id="nav_goals" Entity="goal" DescriptionResourceId="Goals_SubArea_Description" Icon="/_imgs/ico_18_9600.png" ordinalvalue="12" />
          <SubArea Id="nav_metric" Entity="metric" DescriptionResourceId="Metrics_SubArea_Description" ordinalvalue="13" />
          <SubArea Id="nav_goalrollupqueries" Entity="goalrollupquery" DescriptionResourceId="GoalQueries_SubArea_Description" Icon="/_imgs/ico_18_9602.png" ordinalvalue="14" />
        </Group>
      </Area>
      <Area Id="MA" ResourceId="Area_Marketing" Icon="/_imgs/marketing_24x24.gif" DescriptionResourceId="Marketing_Description" ordinalvalue="2">
        <Group Id="MA" ordinalvalue="0">
          <SubArea Id="nav_leads" Entity="lead" DescriptionResourceId="Lead_SubArea_Description" GetStartedPanePath="Leads_Web_User_Visor.html" GetStartedPanePathAdmin="Leads_Web_Admin_Visor.html" GetStartedPanePathOutlook="Leads_Outlook_User_Visor.html" GetStartedPanePathAdminOutlook="Leads_Outlook_Admin_Visor.html" ordinalvalue="0" />
          <SubArea Id="nav_accts" Entity="account" DescriptionResourceId="Account_SubArea_Description" GetStartedPanePath="Accounts_Web_User_Visor.html" GetStartedPanePathAdmin="Accounts_Web_Admin_Visor.html" GetStartedPanePathOutlook="Accounts_Outlook_User_Visor.html" GetStartedPanePathAdminOutlook="Accounts_Outlook_Admin_Visor.html" ordinalvalue="1" />
          <SubArea Id="nav_conts" Entity="contact" DescriptionResourceId="Contact_SubArea_Description" GetStartedPanePath="Contacts_Web_User_Visor.html" GetStartedPanePathAdmin="Contacts_Web_Admin_Visor.html" GetStartedPanePathOutlook="Contacts_Outlook_User_Visor.html" GetStartedPanePathAdminOutlook="Contacts_Outlook_Admin_Visor.html" ordinalvalue="2" />
          <SubArea Id="nav_lists" Entity="list" DescriptionResourceId="MarketingList_SubArea_Description" GetStartedPanePath="Marketing-Lists_Web_User_Visor.html" GetStartedPanePathAdmin="Marketing-Lists_Web_Admin_Visor.html" GetStartedPanePathOutlook="Marketing-Lists_Outlook_User_Visor.html" GetStartedPanePathAdminOutlook="Marketing-Lists_Outlook_Admin_Visor.html" ordinalvalue="3" />
          <SubArea Id="nav_campaigns" Entity="campaign" DescriptionResourceId="Campaign_SubArea_Description" GetStartedPanePath="Campaigns_Web_User_Visor.html" GetStartedPanePathAdmin="Campaigns_Web_Admin_Visor.html" GetStartedPanePathOutlook="Campaigns_Outlook_User_Visor.html" GetStartedPanePathAdminOutlook="Campaigns_Outlook_Admin_Visor.html" ordinalvalue="4" />
          <SubArea Id="nav_products" Entity="product" DescriptionResourceId="Product_SubArea_Description" GetStartedPanePath="Products_Web_User_Visor.html" GetStartedPanePathAdmin="Products_Web_Admin_Visor.html" GetStartedPanePathOutlook="Products_Outlook_User_Visor.html" GetStartedPanePathAdminOutlook="Products_Outlook_Admin_Visor.html" ordinalvalue="5" />
          <SubArea Id="nav_saleslit" Entity="salesliterature" DescriptionResourceId="SalesLit_SubArea_Description" ordinalvalue="6" />
          <SubArea Id="nav_minicamps" Entity="bulkoperation" DescriptionResourceId="Quick_Campaign_Description" Icon="/_imgs/ico_18_minicamps.gif" GetStartedPanePath="Quick-Campaigns_Web_User_Visor.html" GetStartedPanePathAdmin="Quick-Campaigns_Web_Admin_Visor.html" GetStartedPanePathOutlook="Quick-Campaigns_Outlook_User_Visor.html" GetStartedPanePathAdminOutlook="Quick-Campaigns_Outlook_Admin_Visor.html" ordinalvalue="7" />
        </Group>
      </Area>
      <Area Id="CS" ResourceId="Area_Service" Icon="/_imgs/services_24x24.gif" DescriptionResourceId="Customer_Service_Description" ordinalvalue="3">
        <Group Id="CS" ordinalvalue="0">
          <SubArea Id="nav_cases" Entity="incident" DescriptionResourceId="Cases_SubArea_Description" GetStartedPanePath="Cases_Web_User_Visor.html" GetStartedPanePathAdmin="Cases_Web_Admin_Visor.html" GetStartedPanePathOutlook="Cases_Outlook_User_Visor.html" GetStartedPanePathAdminOutlook="Cases_Outlook_Admin_Visor.html" ordinalvalue="0" />
          <SubArea Id="nav_accts" Entity="account" DescriptionResourceId="Account_SubArea_Description" GetStartedPanePath="Accounts_Web_User_Visor.html" GetStartedPanePathAdmin="Accounts_Web_Admin_Visor.html" GetStartedPanePathOutlook="Accounts_Outlook_User_Visor.html" GetStartedPanePathAdminOutlook="Accounts_Outlook_Admin_Visor.html" ordinalvalue="1" />
          <SubArea Id="nav_contacts" Entity="contact" DescriptionResourceId="Contact_SubArea_Description" GetStartedPanePath="Contacts_Web_User_Visor.html" GetStartedPanePathAdmin="Contacts_Web_Admin_Visor.html" GetStartedPanePathOutlook="Contacts_Outlook_User_Visor.html" GetStartedPanePathAdminOutlook="Contacts_Outlook_Admin_Visor.html" ordinalvalue="2" />
          <SubArea Id="nav_answers" Entity="kbarticle" DescriptionResourceId="Article_SubArea_Description" GetStartedPanePath="KB_Web_User_Visor.html" GetStartedPanePathAdmin="KB_Web_Admin_Visor.html" GetStartedPanePathOutlook="KB_Outlook_User_Visor.html" GetStartedPanePathAdminOutlook="KB_Outlook_Admin_Visor.html" ordinalvalue="4">
            <Privilege Entity="kbarticle" Privilege="Create,Read,Write" solutionaction="Modified" />
          </SubArea>
          <SubArea Id="nav_contracts" Entity="contract" DescriptionResourceId="Contract_SubArea_Description" GetStartedPanePath="Contracts_Web_User_Visor.html" GetStartedPanePathAdmin="Contracts_Web_Admin_Visor.html" GetStartedPanePathOutlook="Contracts_Outlook_User_Visor.html" GetStartedPanePathAdminOutlook="Contracts_Outlook_Admin_Visor.html" ordinalvalue="5" />
          <SubArea Id="nav_products" Entity="product" DescriptionResourceId="Product_SubArea_Description" GetStartedPanePath="Products_Web_User_Visor.html" GetStartedPanePathAdmin="Products_Web_Admin_Visor.html" GetStartedPanePathOutlook="Products_Outlook_User_Visor.html" GetStartedPanePathAdminOutlook="Products_Outlook_Admin_Visor.html" ordinalvalue="6" />
          <SubArea Id="nav_services" Entity="service" DescriptionResourceId="Service_SubArea_Description" GetStartedPanePath="Services_Web_User_Visor.html" GetStartedPanePathAdmin="Services_Web_Admin_Visor.html" GetStartedPanePathOutlook="Services_Outlook_User_Visor.html" GetStartedPanePathAdminOutlook="Services_Outlook_Admin_Visor.html" ordinalvalue="7" />
          <SubArea Id="nav_goals" Entity="goal" DescriptionResourceId="Goals_SubArea_Description" Icon="/_imgs/ico_18_9600.png" ordinalvalue="8" />
          <SubArea Id="nav_metric" Entity="metric" DescriptionResourceId="Metrics_SubArea_Description" ordinalvalue="9" />
          <SubArea Id="nav_goalrollupqueries" Entity="goalrollupquery" DescriptionResourceId="GoalQueries_SubArea_Description" Icon="/_imgs/ico_18_9602.png" ordinalvalue="10" />
        </Group>
      </Area>
      <Area Id="Settings" ResourceId="Area_Settings" ShowGroups="true" Icon="/_imgs/settings_24x24.gif" DescriptionResourceId="Settings_Area_Description" ordinalvalue="4">
        <Group Id="System_Setting" ResourceId="Menu_Label_System" DescriptionResourceId="Menu_Label_System" ordinalvalue="1">
          <SubArea Id="nav_systemjobs" ResourceId="Homepage_SystemJobs" DescriptionResourceId="SystemJobs_SubArea_Description" Entity="asyncoperation" Url="/tools/business/home_asyncoperation.aspx" AvailableOffline="false" ordinalvalue="2" />
        </Group>
        <Group Id="Customizations" ResourceId="Homepage_SystemCustomization" DescriptionResourceId="Homepage_SystemCustomization" ordinalvalue="2">
          <SubArea Id="nav_solution" Entity="solution" ResourceId="Web.Tools.Solution.map_xml.aspx_1" AvailableOffline="false" GetStartedPanePath="Solutions_Web_Admin_Visor.html" GetStartedPanePathAdmin="Solutions_Web_Admin_Visor.html" GetStartedPanePathOutlook="Solutions_Outlook_Admin_Visor.html" GetStartedPanePathAdminOutlook="Solutions_Outlook_Admin_Visor.html" DescriptionResourceId="Web.Tools.Solution.map_xml.aspx_2" Url="/tools/Solution/home_solution.aspx?etc=7100" ordinalvalue="1" />
          <SubArea Id="nav_marketplace" ResourceId="Homepage_Marketplace" DescriptionResourceId="Marketplace_SubArea_Description" Icon="/_imgs/SystemCustomization/ico_18_marketplace.png" Url="/tools/SystemCustomization/SolutionsMarketplace/SolutionsMarketplace.aspx" Client="Web" ordinalvalue="2" solutionaction="Modified" />
        </Group>
        <Group Id="ProcessCenter" ResourceId="Menu_Label_ProcessCenter" DescriptionResourceId="Menu_Label_ProcessCenter" ordinalvalue="3">
          <SubArea Id="nav_workflow" Entity="workflow" DescriptionResourceId="Workflow_SubArea_Description" AvailableOffline="false" GetStartedPanePath="Workflows_Web_User_Visor.html" GetStartedPanePathAdmin="Workflows_Web_Admin_Visor.html" GetStartedPanePathOutlook="Workflows_Outlook_User_Visor.html" GetStartedPanePathAdminOutlook="Workflows_Outlook_Admin_Visor.html" ordinalvalue="0" />
        </Group>
      </Area>
      <Area Id="ResourceCenter" ResourceId="Area_ResourceCenter" Icon="/_imgs/resourcecenter_24x24.gif" DescriptionResourceId="ResourceCenter_Area_Description" ordinalvalue="5" />
    </SiteMap>
  </SiteMap>
  <EntityMaps />
  <EntityRelationships />
  <OrganizationSettings />
  <optionsets />
  <WebResources>
    <WebResource>
      <WebResourceId>{ca562d44-8d0a-e311-a508-000c299ffe7d}</WebResourceId>
      <Name>dev1_/html/MultiEntitySearch.htm</Name>
      <DisplayName>dev1_/html/MultiEntitySearch.htm</DisplayName>
      <WebResourceType>1</WebResourceType>
      <IsCustomizable>1</IsCustomizable>
      <CanBeDeleted>1</CanBeDeleted>
      <IsHidden>0</IsHidden>
      <FileName>/WebResources/dev1_htmlMultiEntitySearchhtmCA562D44-8D0A-E311-A508-000C299FFE7D</FileName>
    </WebResource>
    <WebResource>
      <WebResourceId>{cd562d44-8d0a-e311-a508-000c299ffe7d}</WebResourceId>
      <Name>dev1_/js/MultiEntitySearch.js</Name>
      <DisplayName>dev1_/js/MultiEntitySearch.js</DisplayName>
      <WebResourceType>3</WebResourceType>
      <IsCustomizable>1</IsCustomizable>
      <CanBeDeleted>1</CanBeDeleted>
      <IsHidden>0</IsHidden>
      <FileName>/WebResources/dev1_jsMultiEntitySearchjsCD562D44-8D0A-E311-A508-000C299FFE7D</FileName>
    </WebResource>
  </WebResources>
  <Languages>
    <Language>1033</Language>
    <Language>1031</Language>
  </Languages>
</ImportExportXml>