<ImportExportXml xmlns:xsi="http://www.w3.org/2001/XMLSchema-instance">
  <Entities></Entities>
  <Roles></Roles>
  <Workflows></Workflows>
  <FieldSecurityProfiles></FieldSecurityProfiles>
  <Templates />
  <EntityMaps />
  <EntityRelationships />
  <OrganizationSettings />
  <optionsets />
  <WebResources>
    <WebResource>
      <WebResourceId>{a8087482-2df5-e611-81d9-0800278d9765}</WebResourceId>
      <Name>con_/html/Connections.htm</Name>
      <DisplayName>con_/html/Connections.htm</DisplayName>
      <WebResourceType>1</WebResourceType>
      <IntroducedVersion>1.0</IntroducedVersion>
      <IsEnabledForMobileClient>0</IsEnabledForMobileClient>
      <IsCustomizable>1</IsCustomizable>
      <CanBeDeleted>1</CanBeDeleted>
      <IsHidden>0</IsHidden>
      <FileName>/WebResources/con_htmlConnectionshtmA8087482-2DF5-E611-81D9-0800278D9765</FileName>
    </WebResource>
    <WebResource>
      <WebResourceId>{aa087482-2df5-e611-81d9-0800278d9765}</WebResourceId>
      <Name>con_/html/UnitTests.htm</Name>
      <DisplayName>con_/html/UnitTests.htm</DisplayName>
      <WebResourceType>1</WebResourceType>
      <IntroducedVersion>1.0</IntroducedVersion>
      <IsEnabledForMobileClient>0</IsEnabledForMobileClient>
      <IsCustomizable>1</IsCustomizable>
      <CanBeDeleted>1</CanBeDeleted>
      <IsHidden>0</IsHidden>
      <FileName>/WebResources/con_htmlUnitTestshtmAA087482-2DF5-E611-81D9-0800278D9765</FileName>
    </WebResource>
    <WebResource>
      <WebResourceId>{ac087482-2df5-e611-81d9-0800278d9765}</WebResourceId>
      <Name>con_/js/ClientHooks.js</Name>
      <DisplayName>con_/js/ClientHooks.js</DisplayName>
      <WebResourceType>3</WebResourceType>
      <IntroducedVersion>1.0</IntroducedVersion>
      <IsEnabledForMobileClient>0</IsEnabledForMobileClient>
      <IsCustomizable>1</IsCustomizable>
      <CanBeDeleted>1</CanBeDeleted>
      <IsHidden>0</IsHidden>
      <FileName>/WebResources/con_jsClientHooksjsAC087482-2DF5-E611-81D9-0800278D9765</FileName>
    </WebResource>
    <WebResource>
      <WebResourceId>{d52e5189-2df5-e611-81d9-0800278d9765}</WebResourceId>
      <Name>con_/js/ClientUI.js</Name>
      <DisplayName>con_/js/ClientUI.js</DisplayName>
      <WebResourceType>3</WebResourceType>
      <IntroducedVersion>1.0</IntroducedVersion>
      <IsEnabledForMobileClient>0</IsEnabledForMobileClient>
      <IsCustomizable>1</IsCustomizable>
      <CanBeDeleted>1</CanBeDeleted>
      <IsHidden>0</IsHidden>
      <FileName>/WebResources/con_jsClientUIjsD52E5189-2DF5-E611-81D9-0800278D9765</FileName>
    </WebResource>
    <WebResource>
      <WebResourceId>{d72e5189-2df5-e611-81d9-0800278d9765}</WebResourceId>
      <Name>con_/js/ClientUI.UnitTests.debug.js</Name>
      <DisplayName>con_/js/ClientUI.UnitTests.debug.js</DisplayName>
      <WebResourceType>3</WebResourceType>
      <IntroducedVersion>1.0</IntroducedVersion>
      <IsEnabledForMobileClient>0</IsEnabledForMobileClient>
      <IsCustomizable>1</IsCustomizable>
      <CanBeDeleted>1</CanBeDeleted>
      <IsHidden>0</IsHidden>
      <FileName>/WebResources/con_jsClientUIUnitTestsdebugjsD72E5189-2DF5-E611-81D9-0800278D9765</FileName>
    </WebResource>
    <WebResource>
      <WebResourceId>{d92e5189-2df5-e611-81d9-0800278d9765}</WebResourceId>
      <Name>con_/js/Res.metadata_1031.js</Name>
      <DisplayName>con_/js/Res.metadata_1031.js</DisplayName>
      <WebResourceType>3</WebResourceType>
      <IntroducedVersion>1.0</IntroducedVersion>
      <IsEnabledForMobileClient>0</IsEnabledForMobileClient>
      <IsCustomizable>1</IsCustomizable>
      <CanBeDeleted>1</CanBeDeleted>
      <IsHidden>0</IsHidden>
      <FileName>/WebResources/con_jsResmetadata_1031jsD92E5189-2DF5-E611-81D9-0800278D9765</FileName>
    </WebResource>
    <WebResource>
      <WebResourceId>{e5a0db8f-2df5-e611-81d9-0800278d9765}</WebResourceId>
      <Name>con_/js/Res.metadata_1033.js</Name>
      <DisplayName>con_/js/Res.metadata_1033.js</DisplayName>
      <WebResourceType>3</WebResourceType>
      <IntroducedVersion>1.0</IntroducedVersion>
      <IsEnabledForMobileClient>0</IsEnabledForMobileClient>
      <IsCustomizable>1</IsCustomizable>
      <CanBeDeleted>1</CanBeDeleted>
      <IsHidden>0</IsHidden>
      <FileName>/WebResources/con_jsResmetadata_1033jsE5A0DB8F-2DF5-E611-81D9-0800278D9765</FileName>
    </WebResource>
  </WebResources>
  <Languages>
    <Language>1033</Language>
  </Languages>
</ImportExportXml>