<ImportExportXml xmlns:xsi="http://www.w3.org/2001/XMLSchema-instance">
  <Entities></Entities>
  <Roles></Roles>
  <Workflows></Workflows>
  <FieldSecurityProfiles></FieldSecurityProfiles>
  <Templates />
  <RibbonDiffXml>
    <CustomActions>
      <CustomAction Id="dev1.ApplicationRibbon.{!EntityLogicalName}.Button1.Button.CustomAction" Location="Mscrm.HomepageGrid.{!EntityLogicalName}.MainTab.Management.Controls._children" Sequence="5">
        <CommandUIDefinition>
          <FlyoutAnchor Command="dev1.ApplicationRibbon.WebOnlyButton.Command" Id="dev1.ApplicationRibbon.{!EntityLogicalName}.Button1.Button" Image16by16="$webresource:dev1_/images/QuickNavigation.png" PopulateDynamically="true" PopulateQueryCommand="dev1.ApplicationRibbon.PopulateQuickNav.Command" Sequence="5" TemplateAlias="o1">
            <Menu Id="dev1.ApplicationRibbon.{!EntityLogicalName}.Button1.Button.Menu">
              <MenuSection Id="dev1.ApplicationRibbon.{!EntityLogicalName}.Section2.Section" Sequence="10" DisplayMode="Menu16">
                <Controls Id="dev1.ApplicationRibbon.{!EntityLogicalName}.Section2.Section.Controls" />
              </MenuSection>
            </Menu>
          </FlyoutAnchor>
        </CommandUIDefinition>
      </CustomAction>
      <CustomAction Id="dev1.ApplicationRibbon.DashboardQuickNav.Button.CustomAction" Location="Mscrm.DashboardTab.Management.Controls._children" Sequence="5">
        <CommandUIDefinition>
          <FlyoutAnchor Command="dev1.ApplicationRibbon.WebOnlyButton.Command" Id="dev1.ApplicationRibbon.DashboardQuickNav.Button" Image16by16="$webresource:dev1_/images/QuickNavigation.png" PopulateDynamically="true" PopulateQueryCommand="dev1.ApplicationRibbon.PopulateQuickNav.Command" Sequence="5" TemplateAlias="o1">
            <Menu Id="dev1.ApplicationRibbon.DashboardQuickNav.Button.Menu">
              <MenuSection Id="dev1.ApplicationRibbon.Section9.Section" Sequence="10" DisplayMode="Menu16">
                <Controls Id="dev1.ApplicationRibbon.Section9.Section.Controls" />
              </MenuSection>
            </Menu>
          </FlyoutAnchor>
        </CommandUIDefinition>
      </CustomAction>
      <CustomAction Id="dev1.ApplicationRibbon.HomepageQuickNav.Button.CustomAction" Location="Mscrm.BasicHomeTab.New.Controls._children" Sequence="2">
        <CommandUIDefinition>
          <FlyoutAnchor Command="dev1.ApplicationRibbon.WebOnlyButton.Command" Id="dev1.ApplicationRibbon.HomepageQuickNav.Button" Image16by16="$webresource:dev1_/images/QuickNavigation.png" PopulateDynamically="true" PopulateQueryCommand="dev1.ApplicationRibbon.PopulateQuickNav.Command" Sequence="2" TemplateAlias="o1">
            <Menu Id="dev1.ApplicationRibbon.Button5.Button.Menu">
              <MenuSection Id="dev1.ApplicationRibbon.Section6.Section" Sequence="10" DisplayMode="Menu16">
                <Controls Id="dev1.ApplicationRibbon.Section6.Section.Controls" />
              </MenuSection>
            </Menu>
          </FlyoutAnchor>
        </CommandUIDefinition>
      </CustomAction>
      <CustomAction Id="dev1.sparkle.ApplicationRibbon.{!EntityLogicalName}.SubGridQuickNav.Button.CustomAction" Location="Mscrm.SubGrid.{!EntityLogicalName}.MainTab.Management.Controls._children" Sequence="0">
        <CommandUIDefinition>
          <FlyoutAnchor Command="Mscrm.Enabled" Id="sparkle.ApplicationRibbon.{!EntityLogicalName}.SubGridQuickNav.Button" Image16by16="$webresource:dev1_/images/QuickNavigation.png" PopulateDynamically="true" PopulateQueryCommand="dev1.ApplicationRibbon.PopulateQuickNav.Command" Sequence="0" TemplateAlias="o1">
            <Menu Id="sparkle.ApplicationRibbon.{!EntityLogicalName}.Button3.Button.Menu">
              <MenuSection Id="sparkle.ApplicationRibbon.{!EntityLogicalName}.Section4.Section" Sequence="10" DisplayMode="Menu16">
                <Controls Id="sparkle.ApplicationRibbon.{!EntityLogicalName}.Section4.Section.Controls" />
              </MenuSection>
            </Menu>
          </FlyoutAnchor>
        </CommandUIDefinition>
      </CustomAction>
      <CustomAction Id="dev1.sparkle.ApplicationRibbon.FormQuickNav.Button.CustomAction" Location="Mscrm.Form.{!EntityLogicalName}.MainTab.Save.Controls._children" Sequence="5">
        <CommandUIDefinition>
          <FlyoutAnchor Command="Mscrm.Enabled" Id="sparkle.ApplicationRibbon.FormQuickNav.Button" Image16by16="$webresource:dev1_/images/QuickNavigation.png" PopulateDynamically="true" PopulateQueryCommand="dev1.ApplicationRibbon.PopulateQuickNav.Command" Sequence="5" TemplateAlias="o1">
            <Menu Id="sparkle.ApplicationRibbon.Button1.Button.Menu">
              <MenuSection Id="sparkle.ApplicationRibbon.Section2.Section" Sequence="10" DisplayMode="Menu16">
                <Controls Id="sparkle.ApplicationRibbon.Section2.Section.Controls" />
              </MenuSection>
            </Menu>
          </FlyoutAnchor>
        </CommandUIDefinition>
      </CustomAction>
    </CustomActions>
    <Templates>
      <RibbonTemplates Id="Mscrm.Templates"></RibbonTemplates>
    </Templates>
    <CommandDefinitions>
      <CommandDefinition Id="dev1.ApplicationRibbon.PopulateQuickNav.Command">
        <EnableRules />
        <DisplayRules />
        <Actions>
          <JavaScriptFunction FunctionName="isNaN" Library="$webresource:sparkle_/js/mscorlib_crm.js" />
          <JavaScriptFunction FunctionName="isNaN" Library="$webresource:sparkle_/js/SparkleXrm.js" />
          <JavaScriptFunction FunctionName="QuickNavigation.ClientHooks.Ribbon.Ribbon.populate" Library="$webresource:dev1_/js/QuickNavigation.ClientHooks.js">
            <CrmParameter Value="CommandProperties" />
          </JavaScriptFunction>
        </Actions>
      </CommandDefinition>
      <CommandDefinition Id="dev1.ApplicationRibbon.WebOnlyButton.Command">
        <EnableRules />
        <DisplayRules>
          <DisplayRule Id="dev1.ApplicationRibbon.WebClient.DisplayRule" />
        </DisplayRules>
        <Actions />
      </CommandDefinition>
      <CommandDefinition Id="dev1.OpenAdvancedFind">
        <EnableRules />
        <DisplayRules>
          <DisplayRule Id="Mscrm.HideForTabletExperience" />
          <DisplayRule Id="Mscrm.HideOnModern" />
          <DisplayRule Id="Mscrm.HideOnSettingsCommandBarPage" />
        </DisplayRules>
        <Actions>
          <JavaScriptFunction FunctionName="Mscrm.RibbonActions.openAdvancedFind" Library="/_static/_common/scripts/RibbonActions.js">
            <CrmParameter Value="SelectedControl" />
            <CrmParameter Value="PrimaryControl" />
          </JavaScriptFunction>
        </Actions>
      </CommandDefinition>
      <CommandDefinition Id="dev1.QuickNav.SelectNav">
        <EnableRules />
        <DisplayRules />
        <Actions>
          <JavaScriptFunction FunctionName="QuickNavigation.ClientHooks.Ribbon.Ribbon.selectNav" Library="$webresource:dev1_/js/QuickNavigation.ClientHooks.js">
            <CrmParameter Value="CommandProperties" />
          </JavaScriptFunction>
        </Actions>
      </CommandDefinition>
      <CommandDefinition Id="dev1.QuickNav.SelectSiteMapNav">
        <EnableRules />
        <DisplayRules />
        <Actions>
          <JavaScriptFunction FunctionName="QuickNavigation.ClientHooks.Ribbon.Ribbon.selectSiteMapNav" Library="$webresource:dev1_/js/QuickNavigation.ClientHooks.js">
            <CrmParameter Value="CommandProperties" />
          </JavaScriptFunction>
        </Actions>
      </CommandDefinition>
      <CommandDefinition Id="dev1.QuickNav.SelectTab">
        <EnableRules />
        <DisplayRules />
        <Actions>
          <JavaScriptFunction FunctionName="QuickNavigation.ClientHooks.Ribbon.Ribbon.selectTab" Library="$webresource:dev1_/js/QuickNavigation.ClientHooks.js">
            <CrmParameter Value="CommandProperties" />
          </JavaScriptFunction>
        </Actions>
      </CommandDefinition>
    </CommandDefinitions>
    <RuleDefinitions>
      <TabDisplayRules />
      <DisplayRules>
        <DisplayRule Id="dev1.ApplicationRibbon.WebClient.DisplayRule">
          <CrmClientTypeRule Type="Web" />
        </DisplayRule>
        <DisplayRule Id="Mscrm.HideForTabletExperience">
          <HideForTabletExperienceRule />
        </DisplayRule>
        <DisplayRule Id="Mscrm.HideOnModern">
          <CommandClientTypeRule Type="Modern" InvertResult="true" />
        </DisplayRule>
        <DisplayRule Id="Mscrm.HideOnSettingsCommandBarPage">
          <OrRule>
            <Or>
              <PageRule Address="/tools/business/business.aspx" InvertResult="true" />
              <PageRule Address="/tools/templates/templates.aspx" InvertResult="true" />
              <PageRule Address="/tools/admin/admin.aspx" InvertResult="true" />
              <PageRule Address="/tools/productcatalog/productcatalog.aspx" InvertResult="true" />
              <PageRule Address="/tools/datamanagement/datamanagement.aspx" InvertResult="true" />
              <PageRule Address="/tools/documentmanagement/documentmanagement.aspx" InvertResult="true" />
              <PageRule Address="/tools/audit/audit_area.aspx" InvertResult="true" />
              <PageRule Address="/tools/social/social_area.aspx" InvertResult="true" />
              <PageRule Address="/tools/systemcustomization/systemcustomization.aspx" InvertResult="true" />
              <PageRule Address="/tools/solution/home_solution.aspx" InvertResult="true" />
              <PageRule Address="/tools/SystemCustomization/SolutionsMarketplace/SolutionsMarketplace.aspx" InvertResult="true" />
              <PageRule Address="/tools/business/home_asyncoperation.aspx" InvertResult="true" />
            </Or>
            <Or>
              <CrmClientTypeRule Type="Outlook" />
            </Or>
          </OrRule>
        </DisplayRule>
      </DisplayRules>
      <EnableRules />
    </RuleDefinitions>
    <LocLabels />
  </RibbonDiffXml>
  <EntityMaps />
  <EntityRelationships />
  <OrganizationSettings />
  <optionsets />
  <WebResources>
    <WebResource>
      <WebResourceId>{f40383d9-e89b-e311-80e8-080027cb4a93}</WebResourceId>
      <Name>dev1_/images/QuickNavigation.png</Name>
      <DisplayName>dev1_/images/QuickNavigation.png</DisplayName>
      <WebResourceType>5</WebResourceType>
      <IntroducedVersion>1.0</IntroducedVersion>
      <IsCustomizable>1</IsCustomizable>
      <CanBeDeleted>1</CanBeDeleted>
      <IsHidden>0</IsHidden>
      <FileName>/WebResources/dev1_imagesQuickNavigationpngF40383D9-E89B-E311-80E8-080027CB4A93</FileName>
    </WebResource>
    <WebResource>
      <WebResourceId>{f70383d9-e89b-e311-80e8-080027cb4a93}</WebResourceId>
      <Name>dev1_/js/QuickNavigation.ClientHooks.js</Name>
      <DisplayName>dev1_/js/QuickNavigation.ClientHooks.js</DisplayName>
      <WebResourceType>3</WebResourceType>
      <IntroducedVersion>1.0</IntroducedVersion>
      <IsCustomizable>1</IsCustomizable>
      <CanBeDeleted>1</CanBeDeleted>
      <IsHidden>0</IsHidden>
      <FileName>/WebResources/dev1_jsQuickNavigationClientHooksjsF70383D9-E89B-E311-80E8-080027CB4A93</FileName>
    </WebResource>
    <WebResource>
      <WebResourceId>{fa0383d9-e89b-e311-80e8-080027cb4a93}</WebResourceId>
      <Name>dev1_/js/QuickNavigation.Client.js</Name>
      <DisplayName>dev1_/js/QuickNavigation.Client.js</DisplayName>
      <WebResourceType>3</WebResourceType>
      <IntroducedVersion>1.0</IntroducedVersion>
      <IsCustomizable>1</IsCustomizable>
      <CanBeDeleted>1</CanBeDeleted>
      <IsHidden>0</IsHidden>
      <FileName>/WebResources/dev1_jsQuickNavigationClientjsFA0383D9-E89B-E311-80E8-080027CB4A93</FileName>
    </WebResource>
    <WebResource>
      <WebResourceId>{fd0383d9-e89b-e311-80e8-080027cb4a93}</WebResourceId>
      <Name>dev1_/js/SiteMap.js</Name>
      <DisplayName>dev1_/js/SiteMap.js</DisplayName>
      <WebResourceType>3</WebResourceType>
      <IntroducedVersion>1.0</IntroducedVersion>
      <IsCustomizable>1</IsCustomizable>
      <CanBeDeleted>1</CanBeDeleted>
      <IsHidden>0</IsHidden>
      <FileName>/WebResources/dev1_jsSiteMapjsFD0383D9-E89B-E311-80E8-080027CB4A93</FileName>
    </WebResource>
    <WebResource>
      <WebResourceId>{000483d9-e89b-e311-80e8-080027cb4a93}</WebResourceId>
      <Name>dev1_/js/QuickNavigationResources_1033.js</Name>
      <DisplayName>dev1_/js/QuickNavigationResources_1033.js</DisplayName>
      <WebResourceType>3</WebResourceType>
      <IntroducedVersion>1.0</IntroducedVersion>
      <IsCustomizable>1</IsCustomizable>
      <CanBeDeleted>1</CanBeDeleted>
      <IsHidden>0</IsHidden>
      <FileName>/WebResources/dev1_jsQuickNavigationResources_1033js000483D9-E89B-E311-80E8-080027CB4A93</FileName>
    </WebResource>
  </WebResources>
  <SolutionPluginAssemblies>
    <PluginAssembly FullName="QuickNavigation.Plugins, Version=1.0.0.0, Culture=neutral, PublicKeyToken=7c3119ce43ca8787" CustomizationLevel="1">
      <IsolationMode>2</IsolationMode>
      <SourceType>0</SourceType>
      <IntroducedVersion>1.0</IntroducedVersion>
      <FileName>/PluginAssemblies/QuickNavigationPlugins-82E84746-2597-E311-80E5-080027CB4A93/QuickNavigationPlugins.dll</FileName>
      <PluginTypes>
        <PluginType AssemblyQualifiedName="QuickNavigation.Plugins.WebResourcePlugin, QuickNavigation.Plugins, Version=1.0.0.0, Culture=neutral, PublicKeyToken=7c3119ce43ca8787" Name="QuickNavigation.Plugins.WebResourcePlugin">
          <Description>Plug-in to GetSiteMap</Description>
          <FriendlyName>GetSiteMap</FriendlyName>
        </PluginType>
      </PluginTypes>
    </PluginAssembly>
  </SolutionPluginAssemblies>
  <SdkMessageProcessingSteps>
    <SdkMessageProcessingStep Name="WebResourcePlugin" SdkMessageProcessingStepId="{3702e8f1-9599-e311-80e6-080027cb4a93}">
      <PluginTypeName>QuickNavigation.Plugins.WebResourcePlugin, QuickNavigation.Plugins, Version=1.0.0.0, Culture=neutral, PublicKeyToken=7c3119ce43ca8787</PluginTypeName>
      <PrimaryEntity>webresource</PrimaryEntity>
      <AsyncAutoDelete>0</AsyncAutoDelete>
      <Description>Post-Operation of WebResource RetrieveMultiple</Description>
      <InvocationSource>0</InvocationSource>
      <Mode>0</Mode>
      <Rank>1</Rank>
      <SdkMessageId>{03bebb1b-ea3e-db11-86a7-000a3a5473e8}</SdkMessageId>
      <EventHandlerTypeCode>4602</EventHandlerTypeCode>
      <Stage>40</Stage>
      <IsCustomizable>1</IsCustomizable>
      <IsHidden>0</IsHidden>
      <SupportedDeployment>0</SupportedDeployment>
      <IntroducedVersion>1.1</IntroducedVersion>
      <SdkMessageProcessingStepImages />
    </SdkMessageProcessingStep>
  </SdkMessageProcessingSteps>
  <Languages>
    <Language>1033</Language>
    <Language>1031</Language>
  </Languages>
</ImportExportXml>