<ImportExportXml version="6.0.0001.0061" SolutionPackageVersion="6.0" languagecode="1033" generatedBy="OnPremise" xmlns:xsi="http://www.w3.org/2001/XMLSchema-instance">
  <SolutionManifest>
    <UniqueName>StartMenu</UniqueName>
    <LocalizedNames>
      <LocalizedName description="Start Menu" languagecode="1033" />
    </LocalizedNames>
    <Descriptions />
    <Version>1.2</Version>
    <Managed>1</Managed>
    <Publisher>
      <UniqueName>develop1</UniqueName>
      <LocalizedNames>
        <LocalizedName description="Develop1" languagecode="1033" />
      </LocalizedNames>
      <Descriptions />
      <EMailAddress xsi:nil="true"></EMailAddress>
      <SupportingWebsiteUrl xsi:nil="true"></SupportingWebsiteUrl>
      <CustomizationPrefix>dev1</CustomizationPrefix>
      <CustomizationOptionValuePrefix>77076</CustomizationOptionValuePrefix>
      <Addresses>
        <Address>
          <AddressNumber>1</AddressNumber>
          <AddressTypeCode>1</AddressTypeCode>
          <City xsi:nil="true"></City>
          <County xsi:nil="true"></County>
          <Country xsi:nil="true"></Country>
          <Fax xsi:nil="true"></Fax>
          <FreightTermsCode xsi:nil="true"></FreightTermsCode>
          <ImportSequenceNumber xsi:nil="true"></ImportSequenceNumber>
          <Latitude xsi:nil="true"></Latitude>
          <Line1 xsi:nil="true"></Line1>
          <Line2 xsi:nil="true"></Line2>
          <Line3 xsi:nil="true"></Line3>
          <Longitude xsi:nil="true"></Longitude>
          <Name xsi:nil="true"></Name>
          <PostalCode xsi:nil="true"></PostalCode>
          <PostOfficeBox xsi:nil="true"></PostOfficeBox>
          <PrimaryContactName xsi:nil="true"></PrimaryContactName>
          <ShippingMethodCode>1</ShippingMethodCode>
          <StateOrProvince xsi:nil="true"></StateOrProvince>
          <Telephone1 xsi:nil="true"></Telephone1>
          <Telephone2 xsi:nil="true"></Telephone2>
          <Telephone3 xsi:nil="true"></Telephone3>
          <TimeZoneRuleVersionNumber xsi:nil="true"></TimeZoneRuleVersionNumber>
          <UPSZone xsi:nil="true"></UPSZone>
          <UTCOffset xsi:nil="true"></UTCOffset>
          <UTCConversionTimeZoneCode xsi:nil="true"></UTCConversionTimeZoneCode>
        </Address>
        <Address>
          <AddressNumber>2</AddressNumber>
          <AddressTypeCode>1</AddressTypeCode>
          <City xsi:nil="true"></City>
          <County xsi:nil="true"></County>
          <Country xsi:nil="true"></Country>
          <Fax xsi:nil="true"></Fax>
          <FreightTermsCode xsi:nil="true"></FreightTermsCode>
          <ImportSequenceNumber xsi:nil="true"></ImportSequenceNumber>
          <Latitude xsi:nil="true"></Latitude>
          <Line1 xsi:nil="true"></Line1>
          <Line2 xsi:nil="true"></Line2>
          <Line3 xsi:nil="true"></Line3>
          <Longitude xsi:nil="true"></Longitude>
          <Name xsi:nil="true"></Name>
          <PostalCode xsi:nil="true"></PostalCode>
          <PostOfficeBox xsi:nil="true"></PostOfficeBox>
          <PrimaryContactName xsi:nil="true"></PrimaryContactName>
          <ShippingMethodCode>1</ShippingMethodCode>
          <StateOrProvince xsi:nil="true"></StateOrProvince>
          <Telephone1 xsi:nil="true"></Telephone1>
          <Telephone2 xsi:nil="true"></Telephone2>
          <Telephone3 xsi:nil="true"></Telephone3>
          <TimeZoneRuleVersionNumber xsi:nil="true"></TimeZoneRuleVersionNumber>
          <UPSZone xsi:nil="true"></UPSZone>
          <UTCOffset xsi:nil="true"></UTCOffset>
          <UTCConversionTimeZoneCode xsi:nil="true"></UTCConversionTimeZoneCode>
        </Address>
      </Addresses>
    </Publisher>
    <RootComponents>
      <RootComponent type="50" schemaName=":RibbonDiffXml" />
      <RootComponent type="61" schemaName="dev1_/images/QuickNavigation.png" />
      <RootComponent type="61" schemaName="dev1_/js/QuickNavigation.Client.js" />
      <RootComponent type="61" schemaName="dev1_/js/QuickNavigation.ClientHooks.js" />
      <RootComponent type="61" schemaName="dev1_/js/QuickNavigationResources_1033.js" />
      <RootComponent type="61" schemaName="dev1_/js/SiteMap.js" />
      <RootComponent type="91" schemaName="QuickNavigation.Plugins, Version=1.0.0.0, Culture=neutral, PublicKeyToken=7c3119ce43ca8787" />
      <RootComponent type="92" id="{3702e8f1-9599-e311-80e6-080027cb4a93}" />
    </RootComponents>
    <MissingDependencies>
      <MissingDependency>
        <Required key="0" type="61" schemaName="sparkle_/js/SparkleXrm.js" displayName="sparkle_/js/SparkleXrm.js" solution="SparkleXrm (0.1.3)" />
        <Dependent key="1" type="50" schemaName=":RibbonDiffXml" />
      </MissingDependency>
      <MissingDependency>
        <Required key="2" type="61" schemaName="sparkle_/js/mscorlib_crm.js" displayName="sparkle_/js/mscorlib_crm.js" solution="SparkleXrm (0.1.3)" />
        <Dependent key="1" type="50" schemaName=":RibbonDiffXml" />
      </MissingDependency>
    </MissingDependencies>
  </SolutionManifest>
</ImportExportXml>