<ImportExportXml xmlns:xsi="http://www.w3.org/2001/XMLSchema-instance">
  <Entities></Entities>
  <Roles></Roles>
  <Workflows></Workflows>
  <FieldSecurityProfiles></FieldSecurityProfiles>
  <Templates />
  <EntityMaps />
  <EntityRelationships />
  <OrganizationSettings />
  <optionsets />
  <WebResources>
    <WebResource>
      <WebResourceId>{1b56e871-261a-e311-994f-000c299ffe7d}</WebResourceId>
      <Name>sparkle_/css/images/collapse.gif</Name>
      <DisplayName>sparkle_/css/images/collapse.gif</DisplayName>
      <WebResourceType>7</WebResourceType>
      <IsCustomizable>1</IsCustomizable>
      <CanBeDeleted>1</CanBeDeleted>
      <IsHidden>0</IsHidden>
      <FileName>/WebResources/sparkle_cssimagescollapsegif1B56E871-261A-E311-994F-000C299FFE7D</FileName>
    </WebResource>
    <WebResource>
      <WebResourceId>{1e56e871-261a-e311-994f-000c299ffe7d}</WebResourceId>
      <Name>sparkle_/css/images/expand.gif</Name>
      <DisplayName>sparkle_/css/images/expand.gif</DisplayName>
      <WebResourceType>7</WebResourceType>
      <IsCustomizable>1</IsCustomizable>
      <CanBeDeleted>1</CanBeDeleted>
      <IsHidden>0</IsHidden>
      <FileName>/WebResources/sparkle_cssimagesexpandgif1E56E871-261A-E311-994F-000C299FFE7D</FileName>
    </WebResource>
    <WebResource>
      <WebResourceId>{f193dea6-8d0a-e311-a508-000c299ffe7d}</WebResourceId>
      <Name>sparkle_/css/images/outlook14/ButtonSelectedGradient.png</Name>
      <DisplayName>sparkle_/css/images/outlook14/ButtonSelectedGradient.png</DisplayName>
      <WebResourceType>5</WebResourceType>
      <IsCustomizable>1</IsCustomizable>
      <CanBeDeleted>1</CanBeDeleted>
      <IsHidden>0</IsHidden>
      <FileName>/WebResources/sparkle_cssimagesoutlook14ButtonSelectedGradientpnF193DEA6-8D0A-E311-A508-000C299FFE7D</FileName>
    </WebResource>
    <WebResource>
      <WebResourceId>{02e869d4-8d0a-e311-a508-000c299ffe7d}</WebResourceId>
      <Name>sparkle_/css/images/outlook14/ButtonNormalGradient.png</Name>
      <DisplayName>sparkle_/css/images/outlook14/ButtonNormalGradient.png</DisplayName>
      <WebResourceType>5</WebResourceType>
      <IsCustomizable>1</IsCustomizable>
      <CanBeDeleted>1</CanBeDeleted>
      <IsHidden>0</IsHidden>
      <FileName>/WebResources/sparkle_cssimagesoutlook14ButtonNormalGradientpng02E869D4-8D0A-E311-A508-000C299FFE7D</FileName>
    </WebResource>
    <WebResource>
      <WebResourceId>{04e869d4-8d0a-e311-a508-000c299ffe7d}</WebResourceId>
      <Name>sparkle_/css/images/outlook14/GridColumnGradientHover.png</Name>
      <DisplayName>sparkle_/css/images/outlook14/GridColumnGradientHover.png</DisplayName>
      <WebResourceType>5</WebResourceType>
      <IsCustomizable>1</IsCustomizable>
      <CanBeDeleted>1</CanBeDeleted>
      <IsHidden>0</IsHidden>
      <FileName>/WebResources/sparkle_cssimagesoutlook14GridColumnGradientHoverp04E869D4-8D0A-E311-A508-000C299FFE7D</FileName>
    </WebResource>
    <WebResource>
      <WebResourceId>{74b23c1d-a2e4-e211-bcf3-000c299ffe7d}</WebResourceId>
      <Name>sparkle_/css/images/btn_lookup_resolving.gif</Name>
      <DisplayName>sparkle_/css/images/btn_lookup_resolving.gif</DisplayName>
      <WebResourceType>7</WebResourceType>
      <IsCustomizable>1</IsCustomizable>
      <CanBeDeleted>1</CanBeDeleted>
      <IsHidden>0</IsHidden>
      <FileName>/WebResources/sparkle_cssimagesbtn_lookup_resolvinggif74B23C1D-A2E4-E211-BCF3-000C299FFE7D</FileName>
    </WebResource>
    <WebResource>
      <WebResourceId>{77b23c1d-a2e4-e211-bcf3-000c299ffe7d}</WebResourceId>
      <Name>sparkle_/css/images/control_imgs.png</Name>
      <DisplayName>sparkle_/css/images/control_imgs.png</DisplayName>
      <WebResourceType>5</WebResourceType>
      <IsCustomizable>1</IsCustomizable>
      <CanBeDeleted>1</CanBeDeleted>
      <IsHidden>0</IsHidden>
      <FileName>/WebResources/sparkle_cssimagescontrol_imgspng77B23C1D-A2E4-E211-BCF3-000C299FFE7D</FileName>
    </WebResource>
    <WebResource>
      <WebResourceId>{7ab23c1d-a2e4-e211-bcf3-000c299ffe7d}</WebResourceId>
      <Name>sparkle_/css/images/grid_resizer.png</Name>
      <DisplayName>sparkle_/css/images/grid_resizer.png</DisplayName>
      <WebResourceType>5</WebResourceType>
      <IsCustomizable>1</IsCustomizable>
      <CanBeDeleted>1</CanBeDeleted>
      <IsHidden>0</IsHidden>
      <FileName>/WebResources/sparkle_cssimagesgrid_resizerpng7AB23C1D-A2E4-E211-BCF3-000C299FFE7D</FileName>
    </WebResource>
    <WebResource>
      <WebResourceId>{7db23c1d-a2e4-e211-bcf3-000c299ffe7d}</WebResourceId>
      <Name>sparkle_/css/images/grid_ctrl_imgs.png</Name>
      <DisplayName>sparkle_/css/images/grid_ctrl_imgs.png</DisplayName>
      <WebResourceType>5</WebResourceType>
      <IsCustomizable>1</IsCustomizable>
      <CanBeDeleted>1</CanBeDeleted>
      <IsHidden>0</IsHidden>
      <FileName>/WebResources/sparkle_cssimagesgrid_ctrl_imgspng7DB23C1D-A2E4-E211-BCF3-000C299FFE7D</FileName>
    </WebResource>
    <WebResource>
      <WebResourceId>{80b23c1d-a2e4-e211-bcf3-000c299ffe7d}</WebResourceId>
      <Name>sparkle_/css/images/inlineedit_images.png</Name>
      <DisplayName>sparkle_/css/images/inlineedit_images.png</DisplayName>
      <WebResourceType>5</WebResourceType>
      <IsCustomizable>1</IsCustomizable>
      <CanBeDeleted>1</CanBeDeleted>
      <IsHidden>0</IsHidden>
      <FileName>/WebResources/sparkle_cssimagesinlineedit_imagespng80B23C1D-A2E4-E211-BCF3-000C299FFE7D</FileName>
    </WebResource>
    <WebResource>
      <WebResourceId>{83b23c1d-a2e4-e211-bcf3-000c299ffe7d}</WebResourceId>
      <Name>sparkle_/css/images/outlook14/GridColumnGradient.png</Name>
      <DisplayName>sparkle_/css/images/outlook14/GridColumnGradient.png</DisplayName>
      <WebResourceType>5</WebResourceType>
      <IsCustomizable>1</IsCustomizable>
      <CanBeDeleted>1</CanBeDeleted>
      <IsHidden>0</IsHidden>
      <FileName>/WebResources/sparkle_cssimagesoutlook14GridColumnGradientpng83B23C1D-A2E4-E211-BCF3-000C299FFE7D</FileName>
    </WebResource>
    <WebResource>
      <WebResourceId>{86b23c1d-a2e4-e211-bcf3-000c299ffe7d}</WebResourceId>
      <Name>sparkle_/css/images/outlook14/GridToolbarBkgd.png</Name>
      <DisplayName>sparkle_/css/images/outlook14/GridToolbarBkgd.png</DisplayName>
      <WebResourceType>5</WebResourceType>
      <IsCustomizable>1</IsCustomizable>
      <CanBeDeleted>1</CanBeDeleted>
      <IsHidden>0</IsHidden>
      <FileName>/WebResources/sparkle_cssimagesoutlook14GridToolbarBkgdpng86B23C1D-A2E4-E211-BCF3-000C299FFE7D</FileName>
    </WebResource>
    <WebResource>
      <WebResourceId>{89b23c1d-a2e4-e211-bcf3-000c299ffe7d}</WebResourceId>
      <Name>sparkle_/css/images/progress.gif</Name>
      <DisplayName>sparkle_/css/images/progress.gif</DisplayName>
      <WebResourceType>7</WebResourceType>
      <IsCustomizable>1</IsCustomizable>
      <CanBeDeleted>1</CanBeDeleted>
      <IsHidden>0</IsHidden>
      <FileName>/WebResources/sparkle_cssimagesprogressgif89B23C1D-A2E4-E211-BCF3-000C299FFE7D</FileName>
    </WebResource>
    <WebResource>
      <WebResourceId>{8cb23c1d-a2e4-e211-bcf3-000c299ffe7d}</WebResourceId>
      <Name>sparkle_/css/images/dev1_progressbar.gif</Name>
      <DisplayName>sparkle_/css/images/dev1_progressbar.gif</DisplayName>
      <WebResourceType>7</WebResourceType>
      <IsCustomizable>1</IsCustomizable>
      <CanBeDeleted>1</CanBeDeleted>
      <IsHidden>0</IsHidden>
      <FileName>/WebResources/sparkle_cssimagesdev1_progressbargif8CB23C1D-A2E4-E211-BCF3-000C299FFE7D</FileName>
    </WebResource>
    <WebResource>
      <WebResourceId>{8fb23c1d-a2e4-e211-bcf3-000c299ffe7d}</WebResourceId>
      <Name>sparkle_/css/images/scroll_down.png</Name>
      <DisplayName>sparkle_/css/images/scroll_down.png</DisplayName>
      <WebResourceType>5</WebResourceType>
      <IsCustomizable>1</IsCustomizable>
      <CanBeDeleted>1</CanBeDeleted>
      <IsHidden>0</IsHidden>
      <FileName>/WebResources/sparkle_cssimagesscroll_downpng8FB23C1D-A2E4-E211-BCF3-000C299FFE7D</FileName>
    </WebResource>
    <WebResource>
      <WebResourceId>{92b23c1d-a2e4-e211-bcf3-000c299ffe7d}</WebResourceId>
      <Name>sparkle_/css/images/scroll_left.png</Name>
      <DisplayName>sparkle_/css/images/scroll_left.png</DisplayName>
      <WebResourceType>5</WebResourceType>
      <IsCustomizable>1</IsCustomizable>
      <CanBeDeleted>1</CanBeDeleted>
      <IsHidden>0</IsHidden>
      <FileName>/WebResources/sparkle_cssimagesscroll_leftpng92B23C1D-A2E4-E211-BCF3-000C299FFE7D</FileName>
    </WebResource>
    <WebResource>
      <WebResourceId>{95b23c1d-a2e4-e211-bcf3-000c299ffe7d}</WebResourceId>
      <Name>sparkle_/css/images/scroll_right.png</Name>
      <DisplayName>sparkle_/css/images/scroll_right.png</DisplayName>
      <WebResourceType>5</WebResourceType>
      <IsCustomizable>1</IsCustomizable>
      <CanBeDeleted>1</CanBeDeleted>
      <IsHidden>0</IsHidden>
      <FileName>/WebResources/sparkle_cssimagesscroll_rightpng95B23C1D-A2E4-E211-BCF3-000C299FFE7D</FileName>
    </WebResource>
    <WebResource>
      <WebResourceId>{98b23c1d-a2e4-e211-bcf3-000c299ffe7d}</WebResourceId>
      <Name>sparkle_/css/images/scroll_up.png</Name>
      <DisplayName>sparkle_/css/images/scroll_up.png</DisplayName>
      <WebResourceType>5</WebResourceType>
      <IsCustomizable>1</IsCustomizable>
      <CanBeDeleted>1</CanBeDeleted>
      <IsHidden>0</IsHidden>
      <FileName>/WebResources/sparkle_cssimagesscroll_uppng98B23C1D-A2E4-E211-BCF3-000C299FFE7D</FileName>
    </WebResource>
    <WebResource>
      <WebResourceId>{9bb23c1d-a2e4-e211-bcf3-000c299ffe7d}</WebResourceId>
      <Name>sparkle_/css/images/sort_asc.gif</Name>
      <DisplayName>sparkle_/css/images/sort_asc.gif</DisplayName>
      <WebResourceType>7</WebResourceType>
      <IsCustomizable>1</IsCustomizable>
      <CanBeDeleted>1</CanBeDeleted>
      <IsHidden>0</IsHidden>
      <FileName>/WebResources/sparkle_cssimagessort_ascgif9BB23C1D-A2E4-E211-BCF3-000C299FFE7D</FileName>
    </WebResource>
    <WebResource>
      <WebResourceId>{9eb23c1d-a2e4-e211-bcf3-000c299ffe7d}</WebResourceId>
      <Name>sparkle_/css/images/sort_desc.gif</Name>
      <DisplayName>sparkle_/css/images/sort_desc.gif</DisplayName>
      <WebResourceType>7</WebResourceType>
      <IsCustomizable>1</IsCustomizable>
      <CanBeDeleted>1</CanBeDeleted>
      <IsHidden>0</IsHidden>
      <FileName>/WebResources/sparkle_cssimagessort_descgif9EB23C1D-A2E4-E211-BCF3-000C299FFE7D</FileName>
    </WebResource>
    <WebResource>
      <WebResourceId>{a1b23c1d-a2e4-e211-bcf3-000c299ffe7d}</WebResourceId>
      <Name>sparkle_/css/images/transparent_spacer.gif</Name>
      <DisplayName>sparkle_/css/images/transparent_spacer.gif</DisplayName>
      <WebResourceType>7</WebResourceType>
      <IsCustomizable>1</IsCustomizable>
      <CanBeDeleted>1</CanBeDeleted>
      <IsHidden>0</IsHidden>
      <FileName>/WebResources/sparkle_cssimagestransparent_spacergifA1B23C1D-A2E4-E211-BCF3-000C299FFE7D</FileName>
    </WebResource>
    <WebResource>
      <WebResourceId>{a4b23c1d-a2e4-e211-bcf3-000c299ffe7d}</WebResourceId>
      <Name>sparkle_/css/images/ui_bg_flat_0_aaaaaa_40x100.png</Name>
      <DisplayName>sparkle_/css/images/ui_bg_flat_0_aaaaaa_40x100.png</DisplayName>
      <WebResourceType>5</WebResourceType>
      <IsCustomizable>1</IsCustomizable>
      <CanBeDeleted>1</CanBeDeleted>
      <IsHidden>0</IsHidden>
      <FileName>/WebResources/sparkle_cssimagesui_bg_flat_0_aaaaaa_40x100pngA4B23C1D-A2E4-E211-BCF3-000C299FFE7D</FileName>
    </WebResource>
    <WebResource>
      <WebResourceId>{a7b23c1d-a2e4-e211-bcf3-000c299ffe7d}</WebResourceId>
      <Name>sparkle_/css/images/ui_bg_flat_0_e9edf1_40x100.png</Name>
      <DisplayName>sparkle_/css/images/ui_bg_flat_0_e9edf1_40x100.png</DisplayName>
      <WebResourceType>5</WebResourceType>
      <IsCustomizable>1</IsCustomizable>
      <CanBeDeleted>1</CanBeDeleted>
      <IsHidden>0</IsHidden>
      <FileName>/WebResources/sparkle_cssimagesui_bg_flat_0_e9edf1_40x100pngA7B23C1D-A2E4-E211-BCF3-000C299FFE7D</FileName>
    </WebResource>
    <WebResource>
      <WebResourceId>{aab23c1d-a2e4-e211-bcf3-000c299ffe7d}</WebResourceId>
      <Name>sparkle_/css/images/ui_bg_flat_0_ffffff_40x100.png</Name>
      <DisplayName>sparkle_/css/images/ui_bg_flat_0_ffffff_40x100.png</DisplayName>
      <WebResourceType>5</WebResourceType>
      <IsCustomizable>1</IsCustomizable>
      <CanBeDeleted>1</CanBeDeleted>
      <IsHidden>0</IsHidden>
      <FileName>/WebResources/sparkle_cssimagesui_bg_flat_0_ffffff_40x100pngAAB23C1D-A2E4-E211-BCF3-000C299FFE7D</FileName>
    </WebResource>
    <WebResource>
      <WebResourceId>{adb23c1d-a2e4-e211-bcf3-000c299ffe7d}</WebResourceId>
      <Name>sparkle_/css/images/ui_bg_flat_100_e9edf1_40x100.png</Name>
      <DisplayName>sparkle_/css/images/ui_bg_flat_100_e9edf1_40x100.png</DisplayName>
      <WebResourceType>5</WebResourceType>
      <IsCustomizable>1</IsCustomizable>
      <CanBeDeleted>1</CanBeDeleted>
      <IsHidden>0</IsHidden>
      <FileName>/WebResources/sparkle_cssimagesui_bg_flat_100_e9edf1_40x100pngADB23C1D-A2E4-E211-BCF3-000C299FFE7D</FileName>
    </WebResource>
    <WebResource>
      <WebResourceId>{b0b23c1d-a2e4-e211-bcf3-000c299ffe7d}</WebResourceId>
      <Name>sparkle_/css/images/ui_bg_flat_55_F4D79D_40x100.png</Name>
      <DisplayName>sparkle_/css/images/ui_bg_flat_55_F4D79D_40x100.png</DisplayName>
      <WebResourceType>5</WebResourceType>
      <IsCustomizable>1</IsCustomizable>
      <CanBeDeleted>1</CanBeDeleted>
      <IsHidden>0</IsHidden>
      <FileName>/WebResources/sparkle_cssimagesui_bg_flat_55_F4D79D_40x100pngB0B23C1D-A2E4-E211-BCF3-000C299FFE7D</FileName>
    </WebResource>
    <WebResource>
      <WebResourceId>{b3b23c1d-a2e4-e211-bcf3-000c299ffe7d}</WebResourceId>
      <Name>sparkle_/css/images/ui_bg_flat_75_cccccc_40x100.png</Name>
      <DisplayName>sparkle_/css/images/ui_bg_flat_75_cccccc_40x100.png</DisplayName>
      <WebResourceType>5</WebResourceType>
      <IsCustomizable>1</IsCustomizable>
      <CanBeDeleted>1</CanBeDeleted>
      <IsHidden>0</IsHidden>
      <FileName>/WebResources/sparkle_cssimagesui_bg_flat_75_cccccc_40x100pngB3B23C1D-A2E4-E211-BCF3-000C299FFE7D</FileName>
    </WebResource>
    <WebResource>
      <WebResourceId>{b6b23c1d-a2e4-e211-bcf3-000c299ffe7d}</WebResourceId>
      <Name>sparkle_/css/images/ui_bg_flat_75_dadada_40x100.png</Name>
      <DisplayName>sparkle_/css/images/ui_bg_flat_75_dadada_40x100.png</DisplayName>
      <WebResourceType>5</WebResourceType>
      <IsCustomizable>1</IsCustomizable>
      <CanBeDeleted>1</CanBeDeleted>
      <IsHidden>0</IsHidden>
      <FileName>/WebResources/sparkle_cssimagesui_bg_flat_75_dadada_40x100pngB6B23C1D-A2E4-E211-BCF3-000C299FFE7D</FileName>
    </WebResource>
    <WebResource>
      <WebResourceId>{b9b23c1d-a2e4-e211-bcf3-000c299ffe7d}</WebResourceId>
      <Name>sparkle_/css/images/ui_bg_flat_75_e6e6e6_40x100.png</Name>
      <DisplayName>sparkle_/css/images/ui_bg_flat_75_e6e6e6_40x100.png</DisplayName>
      <WebResourceType>5</WebResourceType>
      <IsCustomizable>1</IsCustomizable>
      <CanBeDeleted>1</CanBeDeleted>
      <IsHidden>0</IsHidden>
      <FileName>/WebResources/sparkle_cssimagesui_bg_flat_75_e6e6e6_40x100pngB9B23C1D-A2E4-E211-BCF3-000C299FFE7D</FileName>
    </WebResource>
    <WebResource>
      <WebResourceId>{bcb23c1d-a2e4-e211-bcf3-000c299ffe7d}</WebResourceId>
      <Name>sparkle_/css/images/ui_bg_flat_75_ffffff_40x100.png</Name>
      <DisplayName>sparkle_/css/images/ui_bg_flat_75_ffffff_40x100.png</DisplayName>
      <WebResourceType>5</WebResourceType>
      <IsCustomizable>1</IsCustomizable>
      <CanBeDeleted>1</CanBeDeleted>
      <IsHidden>0</IsHidden>
      <FileName>/WebResources/sparkle_cssimagesui_bg_flat_75_ffffff_40x100pngBCB23C1D-A2E4-E211-BCF3-000C299FFE7D</FileName>
    </WebResource>
    <WebResource>
      <WebResourceId>{bfb23c1d-a2e4-e211-bcf3-000c299ffe7d}</WebResourceId>
      <Name>sparkle_/css/images/ui_bg_glass_55_fbf9ee_1x400.png</Name>
      <DisplayName>sparkle_/css/images/ui_bg_glass_55_fbf9ee_1x400.png</DisplayName>
      <WebResourceType>5</WebResourceType>
      <IsCustomizable>1</IsCustomizable>
      <CanBeDeleted>1</CanBeDeleted>
      <IsHidden>0</IsHidden>
      <FileName>/WebResources/sparkle_cssimagesui_bg_glass_55_fbf9ee_1x400pngBFB23C1D-A2E4-E211-BCF3-000C299FFE7D</FileName>
    </WebResource>
    <WebResource>
      <WebResourceId>{c2b23c1d-a2e4-e211-bcf3-000c299ffe7d}</WebResourceId>
      <Name>sparkle_/css/images/ui_bg_glass_95_fef1ec_1x400.png</Name>
      <DisplayName>sparkle_/css/images/ui_bg_glass_95_fef1ec_1x400.png</DisplayName>
      <WebResourceType>5</WebResourceType>
      <IsCustomizable>1</IsCustomizable>
      <CanBeDeleted>1</CanBeDeleted>
      <IsHidden>0</IsHidden>
      <FileName>/WebResources/sparkle_cssimagesui_bg_glass_95_fef1ec_1x400pngC2B23C1D-A2E4-E211-BCF3-000C299FFE7D</FileName>
    </WebResource>
    <WebResource>
      <WebResourceId>{c5b23c1d-a2e4-e211-bcf3-000c299ffe7d}</WebResourceId>
      <Name>sparkle_/css/images/ui_icons_222222_256x240.png</Name>
      <DisplayName>sparkle_/css/images/ui_icons_222222_256x240.png</DisplayName>
      <WebResourceType>5</WebResourceType>
      <IsCustomizable>1</IsCustomizable>
      <CanBeDeleted>1</CanBeDeleted>
      <IsHidden>0</IsHidden>
      <FileName>/WebResources/sparkle_cssimagesui_icons_222222_256x240pngC5B23C1D-A2E4-E211-BCF3-000C299FFE7D</FileName>
    </WebResource>
    <WebResource>
      <WebResourceId>{c8b23c1d-a2e4-e211-bcf3-000c299ffe7d}</WebResourceId>
      <Name>sparkle_/css/images/ui_icons_2e83ff_256x240.png</Name>
      <DisplayName>sparkle_/css/images/ui_icons_2e83ff_256x240.png</DisplayName>
      <WebResourceType>5</WebResourceType>
      <IsCustomizable>1</IsCustomizable>
      <CanBeDeleted>1</CanBeDeleted>
      <IsHidden>0</IsHidden>
      <FileName>/WebResources/sparkle_cssimagesui_icons_2e83ff_256x240pngC8B23C1D-A2E4-E211-BCF3-000C299FFE7D</FileName>
    </WebResource>
    <WebResource>
      <WebResourceId>{cbb23c1d-a2e4-e211-bcf3-000c299ffe7d}</WebResourceId>
      <Name>sparkle_/css/images/ui_icons_3f5ac6_256x240.png</Name>
      <DisplayName>sparkle_/css/images/ui_icons_3f5ac6_256x240.png</DisplayName>
      <WebResourceType>5</WebResourceType>
      <IsCustomizable>1</IsCustomizable>
      <CanBeDeleted>1</CanBeDeleted>
      <IsHidden>0</IsHidden>
      <FileName>/WebResources/sparkle_cssimagesui_icons_3f5ac6_256x240pngCBB23C1D-A2E4-E211-BCF3-000C299FFE7D</FileName>
    </WebResource>
    <WebResource>
      <WebResourceId>{ceb23c1d-a2e4-e211-bcf3-000c299ffe7d}</WebResourceId>
      <Name>sparkle_/css/images/ui_icons_454545_256x240.png</Name>
      <DisplayName>sparkle_/css/images/ui_icons_454545_256x240.png</DisplayName>
      <WebResourceType>5</WebResourceType>
      <IsCustomizable>1</IsCustomizable>
      <CanBeDeleted>1</CanBeDeleted>
      <IsHidden>0</IsHidden>
      <FileName>/WebResources/sparkle_cssimagesui_icons_454545_256x240pngCEB23C1D-A2E4-E211-BCF3-000C299FFE7D</FileName>
    </WebResource>
    <WebResource>
      <WebResourceId>{d1b23c1d-a2e4-e211-bcf3-000c299ffe7d}</WebResourceId>
      <Name>sparkle_/css/images/ui_icons_888888_256x240.png</Name>
      <DisplayName>sparkle_/css/images/ui_icons_888888_256x240.png</DisplayName>
      <WebResourceType>5</WebResourceType>
      <IsCustomizable>1</IsCustomizable>
      <CanBeDeleted>1</CanBeDeleted>
      <IsHidden>0</IsHidden>
      <FileName>/WebResources/sparkle_cssimagesui_icons_888888_256x240pngD1B23C1D-A2E4-E211-BCF3-000C299FFE7D</FileName>
    </WebResource>
    <WebResource>
      <WebResourceId>{d4b23c1d-a2e4-e211-bcf3-000c299ffe7d}</WebResourceId>
      <Name>sparkle_/css/images/ui_icons_cd0a0a_256x240.png</Name>
      <DisplayName>sparkle_/css/images/ui_icons_cd0a0a_256x240.png</DisplayName>
      <WebResourceType>5</WebResourceType>
      <IsCustomizable>1</IsCustomizable>
      <CanBeDeleted>1</CanBeDeleted>
      <IsHidden>0</IsHidden>
      <FileName>/WebResources/sparkle_cssimagesui_icons_cd0a0a_256x240pngD4B23C1D-A2E4-E211-BCF3-000C299FFE7D</FileName>
    </WebResource>
    <WebResource>
      <WebResourceId>{d7b23c1d-a2e4-e211-bcf3-000c299ffe7d}</WebResourceId>
      <Name>sparkle_/css/sparkle.css</Name>
      <DisplayName>sparkle_/css/sparkle.css</DisplayName>
      <WebResourceType>2</WebResourceType>
      <IsCustomizable>1</IsCustomizable>
      <CanBeDeleted>1</CanBeDeleted>
      <IsHidden>0</IsHidden>
      <FileName>/WebResources/sparkle_csssparklecssD7B23C1D-A2E4-E211-BCF3-000C299FFE7D</FileName>
    </WebResource>
    <WebResource>
      <WebResourceId>{dab23c1d-a2e4-e211-bcf3-000c299ffe7d}</WebResourceId>
      <Name>sparkle_/css/sparkle_jquery_ui.css</Name>
      <DisplayName>sparkle_/css/sparkle_jquery_ui.css</DisplayName>
      <WebResourceType>2</WebResourceType>
      <IsCustomizable>1</IsCustomizable>
      <CanBeDeleted>1</CanBeDeleted>
      <IsHidden>0</IsHidden>
      <FileName>/WebResources/sparkle_csssparkle_jquery_uicssDAB23C1D-A2E4-E211-BCF3-000C299FFE7D</FileName>
    </WebResource>
    <WebResource>
      <WebResourceId>{ddb23c1d-a2e4-e211-bcf3-000c299ffe7d}</WebResourceId>
      <Name>sparkle_/html/form.templates.htm</Name>
      <DisplayName>sparkle_/html/form.templates.htm</DisplayName>
      <WebResourceType>1</WebResourceType>
      <IsCustomizable>1</IsCustomizable>
      <CanBeDeleted>1</CanBeDeleted>
      <IsHidden>0</IsHidden>
      <FileName>/WebResources/sparkle_htmlformtemplateshtmDDB23C1D-A2E4-E211-BCF3-000C299FFE7D</FileName>
    </WebResource>
    <WebResource>
      <WebResourceId>{e0b23c1d-a2e4-e211-bcf3-000c299ffe7d}</WebResourceId>
      <Name>sparkle_/js/mscorlib.js</Name>
      <DisplayName>sparkle_/js/mscorlib.js</DisplayName>
      <WebResourceType>3</WebResourceType>
      <IsCustomizable>1</IsCustomizable>
      <CanBeDeleted>1</CanBeDeleted>
      <IsHidden>0</IsHidden>
      <FileName>/WebResources/sparkle_jsmscorlibjsE0B23C1D-A2E4-E211-BCF3-000C299FFE7D</FileName>
    </WebResource>
    <WebResource>
      <WebResourceId>{e3b23c1d-a2e4-e211-bcf3-000c299ffe7d}</WebResourceId>
      <Name>sparkle_/js/SparkleXrmUI.js</Name>
      <DisplayName>sparkle_/js/SparkleXrmUI.js</DisplayName>
      <WebResourceType>3</WebResourceType>
      <IsCustomizable>1</IsCustomizable>
      <CanBeDeleted>1</CanBeDeleted>
      <IsHidden>0</IsHidden>
      <FileName>/WebResources/sparkle_jsSparkleXrmUIjsE3B23C1D-A2E4-E211-BCF3-000C299FFE7D</FileName>
    </WebResource>
    <WebResource>
      <WebResourceId>{e6b23c1d-a2e4-e211-bcf3-000c299ffe7d}</WebResourceId>
      <Name>sparkle_/js/SparkleXrmUI_Dependancies.js</Name>
      <DisplayName>sparkle_/js/SparkleXrmUI_Dependancies.js</DisplayName>
      <WebResourceType>3</WebResourceType>
      <IsCustomizable>1</IsCustomizable>
      <CanBeDeleted>1</CanBeDeleted>
      <IsHidden>0</IsHidden>
      <FileName>/WebResources/sparkle_jsSparkleXrmUI_DependanciesjsE6B23C1D-A2E4-E211-BCF3-000C299FFE7D</FileName>
    </WebResource>
    <WebResource>
      <WebResourceId>{e527ac93-91ae-e211-bcfc-000c299ffe7d}</WebResourceId>
      <Name>sparkle_/js/mscorlib_crm.js</Name>
      <DisplayName>sparkle_/js/mscorlib_crm.js</DisplayName>
      <WebResourceType>3</WebResourceType>
      <IsCustomizable>1</IsCustomizable>
      <CanBeDeleted>1</CanBeDeleted>
      <IsHidden>0</IsHidden>
      <FileName>/WebResources/sparkle_jsmscorlib_crmjsE527AC93-91AE-E211-BCFC-000C299FFE7D</FileName>
    </WebResource>
    <WebResource>
      <WebResourceId>{dda3546d-15ba-e211-bcfc-000c299ffe7d}</WebResourceId>
      <Name>sparkle_/js/SparkleXrm.js</Name>
      <DisplayName>sparkle_/js/SparkleXrm.js</DisplayName>
      <WebResourceType>3</WebResourceType>
      <IsCustomizable>1</IsCustomizable>
      <CanBeDeleted>1</CanBeDeleted>
      <IsHidden>0</IsHidden>
      <FileName>/WebResources/sparkle_jsSparkleXrmjsDDA3546D-15BA-E211-BCFC-000C299FFE7D</FileName>
    </WebResource>
    <WebResource>
      <WebResourceId>{e38cba92-f781-e311-a4d9-08002711c526}</WebResourceId>
      <Name>sparkle_/css/2013/images/btn_lookup_resolving.gif</Name>
      <DisplayName>sparkle_/css/2013/images/btn_lookup_resolving.gif</DisplayName>
      <WebResourceType>7</WebResourceType>
      <IsCustomizable>1</IsCustomizable>
      <CanBeDeleted>1</CanBeDeleted>
      <IsHidden>0</IsHidden>
      <FileName>/WebResources/sparkle_css2013imagesbtn_lookup_resolvinggifE38CBA92-F781-E311-A4D9-08002711C526</FileName>
    </WebResource>
    <WebResource>
      <WebResourceId>{e68cba92-f781-e311-a4d9-08002711c526}</WebResourceId>
      <Name>sparkle_/css/2013/images/control_imgs.png</Name>
      <DisplayName>sparkle_/css/2013/images/control_imgs.png</DisplayName>
      <WebResourceType>5</WebResourceType>
      <IsCustomizable>1</IsCustomizable>
      <CanBeDeleted>1</CanBeDeleted>
      <IsHidden>0</IsHidden>
      <FileName>/WebResources/sparkle_css2013imagescontrol_imgspngE68CBA92-F781-E311-A4D9-08002711C526</FileName>
    </WebResource>
    <WebResource>
      <WebResourceId>{e98cba92-f781-e311-a4d9-08002711c526}</WebResourceId>
      <Name>sparkle_/css/2013/images/grid_ctrl_imgs.png</Name>
      <DisplayName>sparkle_/css/2013/images/grid_ctrl_imgs.png</DisplayName>
      <WebResourceType>5</WebResourceType>
      <IsCustomizable>1</IsCustomizable>
      <CanBeDeleted>1</CanBeDeleted>
      <IsHidden>0</IsHidden>
      <FileName>/WebResources/sparkle_css2013imagesgrid_ctrl_imgspngE98CBA92-F781-E311-A4D9-08002711C526</FileName>
    </WebResource>
    <WebResource>
      <WebResourceId>{ec8cba92-f781-e311-a4d9-08002711c526}</WebResourceId>
      <Name>sparkle_/css/2013/images/inlineedit_images.png</Name>
      <DisplayName>sparkle_/css/2013/images/inlineedit_images.png</DisplayName>
      <WebResourceType>5</WebResourceType>
      <IsCustomizable>1</IsCustomizable>
      <CanBeDeleted>1</CanBeDeleted>
      <IsHidden>0</IsHidden>
      <FileName>/WebResources/sparkle_css2013imagesinlineedit_imagespngEC8CBA92-F781-E311-A4D9-08002711C526</FileName>
    </WebResource>
    <WebResource>
      <WebResourceId>{ef8cba92-f781-e311-a4d9-08002711c526}</WebResourceId>
      <Name>sparkle_/css/2013/images/progress.gif</Name>
      <DisplayName>sparkle_/css/2013/images/progress.gif</DisplayName>
      <WebResourceType>7</WebResourceType>
      <IsCustomizable>1</IsCustomizable>
      <CanBeDeleted>1</CanBeDeleted>
      <IsHidden>0</IsHidden>
      <FileName>/WebResources/sparkle_css2013imagesprogressgifEF8CBA92-F781-E311-A4D9-08002711C526</FileName>
    </WebResource>
    <WebResource>
      <WebResourceId>{f28cba92-f781-e311-a4d9-08002711c526}</WebResourceId>
      <Name>sparkle_/css/2013/images/ui_icons_222222_256x240.png</Name>
      <DisplayName>sparkle_/css/2013/images/ui_icons_222222_256x240.png</DisplayName>
      <WebResourceType>5</WebResourceType>
      <IsCustomizable>1</IsCustomizable>
      <CanBeDeleted>1</CanBeDeleted>
      <IsHidden>0</IsHidden>
      <FileName>/WebResources/sparkle_css2013imagesui_icons_222222_256x240pngF28CBA92-F781-E311-A4D9-08002711C526</FileName>
    </WebResource>
    <WebResource>
      <WebResourceId>{f58cba92-f781-e311-a4d9-08002711c526}</WebResourceId>
      <Name>sparkle_/css/2013/images/ui_icons_3f5ac6_256x240.png</Name>
      <DisplayName>sparkle_/css/2013/images/ui_icons_3f5ac6_256x240.png</DisplayName>
      <WebResourceType>5</WebResourceType>
      <IsCustomizable>1</IsCustomizable>
      <CanBeDeleted>1</CanBeDeleted>
      <IsHidden>0</IsHidden>
      <FileName>/WebResources/sparkle_css2013imagesui_icons_3f5ac6_256x240pngF58CBA92-F781-E311-A4D9-08002711C526</FileName>
    </WebResource>
    <WebResource>
      <WebResourceId>{f88cba92-f781-e311-a4d9-08002711c526}</WebResourceId>
      <Name>sparkle_/css/2013/sparkle.css</Name>
      <DisplayName>sparkle_/css/2013/sparkle.css</DisplayName>
      <WebResourceType>2</WebResourceType>
      <IsCustomizable>1</IsCustomizable>
      <CanBeDeleted>1</CanBeDeleted>
      <IsHidden>0</IsHidden>
      <FileName>/WebResources/sparkle_css2013sparklecssF88CBA92-F781-E311-A4D9-08002711C526</FileName>
    </WebResource>
    <WebResource>
      <WebResourceId>{fb8cba92-f781-e311-a4d9-08002711c526}</WebResourceId>
      <Name>sparkle_/css/2013/sparkle_jquery_ui.css</Name>
      <DisplayName>sparkle_/css/2013/sparkle_jquery_ui.css</DisplayName>
      <WebResourceType>2</WebResourceType>
      <IsCustomizable>1</IsCustomizable>
      <CanBeDeleted>1</CanBeDeleted>
      <IsHidden>0</IsHidden>
      <FileName>/WebResources/sparkle_css2013sparkle_jquery_uicssFB8CBA92-F781-E311-A4D9-08002711C526</FileName>
    </WebResource>
  </WebResources>
  <Languages>
    <Language>1033</Language>
    <Language>1031</Language>
  </Languages>
</ImportExportXml>