<ImportExportXml xmlns:xsi="http://www.w3.org/2001/XMLSchema-instance">
  <Entities>
    <Entity>
      <Name LocalizedName="Account" OriginalName="Account">Account</Name>
      <ObjectTypeCode>1</ObjectTypeCode>
      <FormXml>
        <forms type="main">
          <systemform>
            <formid>{b053a39a-041a-4356-acef-ddf00182762b}</formid>
            <IntroducedVersion>5.0.0.0</IntroducedVersion>
            <FormPresentation>0</FormPresentation>
            <FormActivationState>0</FormActivationState>
            <form showImage="true">
              <tabs>
                <tab name="general" verticallayout="true" id="{13b0fbf2-e596-4dc5-919b-7a0aea72598b}" IsUserDefined="0" ordinalvalue="1" solutionaction="Modified" />
                <tab name="details" id="{e8642bdb-3b0b-4ce4-bcca-646d04e856cb}" IsUserDefined="0" ordinalvalue="2" solutionaction="Modified" />
                <tab name="contacts" id="{52c46fc3-c588-42d2-b24a-764536e3ce79}" IsUserDefined="0" ordinalvalue="3" solutionaction="Modified" />
                <tab name="notes and activities" id="{61710424-A7C1-4db5-9489-788BCDCF267A}" IsUserDefined="0" expanded="false" ordinalvalue="4" solutionaction="Modified" />
                <tab name="administration" id="{5b8906be-c80f-4c26-8ba2-b07f45cb2936}" IsUserDefined="0" ordinalvalue="5" solutionaction="Modified" />
                <tab name="tab_recordwall" id="{e94e6ac4-12db-bc8c-ec81-8b20c5987655}" IsUserDefined="0" locklevel="0" showlabel="true" expanded="false" labelid="{97dae41c-029a-4f0f-91dd-e0e4c1cf67a4}" ordinalvalue="0" solutionaction="Added">
                  <labels>
                    <label description="What's New" languagecode="1033" />
                  </labels>
                  <columns>
                    <column width="100%" id="0">
                      <sections>
                        <section name="tab_recordwall_section_1" showlabel="false" showbar="false" locklevel="0" id="{ac0addcc-a626-6c98-40ee-b11edac36204}" IsUserDefined="0" layout="varwidth" columns="1" labelwidth="115" celllabelalignment="Left" celllabelposition="Left" labelid="{7e5c3c0d-28a0-4786-834c-ea9cf029328f}" ordinalvalue="0">
                          <labels>
                            <label description="Section" languagecode="1033" />
                          </labels>
                          <rows>
                            <row>
                              <cell id="{be13b312-b6ac-83d7-34e1-e90dc1ecbec7}" showlabel="false" colspan="1" auto="false" rowspan="15" labelid="{4230acff-4b5f-4230-8418-6f59c42fd929}" ordinalvalue="10000">
                                <labels>
                                  <label description="RecordWall" languagecode="1033" />
                                </labels>
                                <control id="WebResource_RecordWall" classid="{9FDF5F91-88B1-47f4-AD53-C11EFC01A01D}">
                                  <parameters>
                                    <Url>msdyn_/RecordWall.htm</Url>
                                    <PassParameters>true</PassParameters>
                                    <Security>false</Security>
                                    <Scrolling>auto</Scrolling>
                                    <Border>false</Border>
                                  </parameters>
                                </control>
                                <events>
                                  <event name="onload" application="0">
                                    <dependencies />
                                  </event>
                                </events>
                              </cell>
                            </row>
                            <row />
                            <row />
                            <row />
                            <row />
                            <row />
                            <row />
                            <row />
                            <row />
                            <row />
                            <row />
                            <row />
                            <row />
                            <row />
                            <row />
                          </rows>
                        </section>
                      </sections>
                    </column>
                  </columns>
                  <events>
                    <event name="tabstatechange" application="false" active="false">
                      <Handlers>
                        <Handler functionName="ActivityFeeds.Form.CustomizationUtils.updateRecordWallRenderingState" libraryName="msdyn_/ActivityFeeds.Form.js" handlerUniqueId="{9beb6ce6-2666-8033-a406-3d68d44b9592}" enabled="true" parameters="" passExecutionContext="true" />
                      </Handlers>
                    </event>
                  </events>
                </tab>
              </tabs>
              <formLibraries solutionaction="Added">
                <Library name="msdyn_/ActivityFeeds.Form.js" libraryUniqueId="{4181da4c-6d13-ba3c-c859-be404e4ee2e3}" />
              </formLibraries>
            </form>
            <LocalizedNames>
              <LocalizedName description="Information" languagecode="1033" />
            </LocalizedNames>
            <Descriptions>
              <Description description="A form for this entity." languagecode="1033" />
            </Descriptions>
          </systemform>
          <systemform>
            <formid>{8448b78f-8f42-454e-8e2a-f8196b0419af}</formid>
            <IntroducedVersion>5.0.0.0</IntroducedVersion>
            <FormPresentation>1</FormPresentation>
            <FormActivationState>1</FormActivationState>
            <form showImage="true">
              <tabs>
                <tab name="SUMMARY_TAB" id="{3b0b63a9-d379-689a-0ec3-e71eb4c6a841}" IsUserDefined="0" showlabel="true" expanded="true" locklevel="0" ordinalvalue="0">
                  <columns>
                    <column width="28%" id="2">
                      <sections>
                        <section name="SUMMARY_TAB_section_6" showlabel="false" showbar="false" locklevel="0" id="{d4c3ee9c-ba71-5cdb-31be-2aa505750472}" IsUserDefined="0" layout="varwidth" columns="1" labelwidth="115" celllabelalignment="Left" celllabelposition="Top" ordinalvalue="0">
                          <rows />
                        </section>
                      </sections>
                    </column>
                  </columns>
                </tab>
                <tab name="DETAILS_TAB" id="{11a42c72-9ded-ea04-253d-2143e731b795}" IsUserDefined="0" showlabel="true" expanded="true" ordinalvalue="1">
                  <columns>
                    <column width="34%" id="0">
                      <sections>
                        <section name="DETAILS_TAB_section_6" showlabel="true" showbar="false" locklevel="0" id="{e201b9ce-c3d5-c922-dba5-528c25066940}" IsUserDefined="0" layout="varwidth" columns="1" labelwidth="115" celllabelalignment="Left" celllabelposition="Top" height="auto" ordinalvalue="1">
                          <rows />
                        </section>
                      </sections>
                    </column>
                    <column width="33%" id="2">
                      <sections>
                        <section name="ChildAccounts" showlabel="true" showbar="false" locklevel="0" id="{1e0e4517-ba6b-1540-53a9-09647d67443a}" IsUserDefined="0" layout="varwidth" columns="1" labelwidth="115" celllabelalignment="Left" celllabelposition="Left" ordinalvalue="2">
                          <rows />
                        </section>
                      </sections>
                    </column>
                  </columns>
                </tab>
              </tabs>
              <Navigation>
                <NavBar />
                <NavBarAreas solutionaction="Added">
                  <NavBarArea Id="Info">
                    <Titles>
                      <Title LCID="1033" Text="Common" />
                    </Titles>
                  </NavBarArea>
                  <NavBarArea Id="Sales">
                    <Titles>
                      <Title LCID="1033" Text="Sales" />
                    </Titles>
                  </NavBarArea>
                  <NavBarArea Id="Service">
                    <Titles>
                      <Title LCID="1033" Text="Service" />
                    </Titles>
                  </NavBarArea>
                  <NavBarArea Id="Marketing">
                    <Titles>
                      <Title LCID="1033" Text="Marketing" />
                    </Titles>
                  </NavBarArea>
                  <NavBarArea Id="ProcessCenter">
                    <Titles>
                      <Title LCID="1033" Text="Process Sessions" />
                    </Titles>
                  </NavBarArea>
                </NavBarAreas>
              </Navigation>
            </form>
            <LocalizedNames>
              <LocalizedName description="Account" languagecode="1033" />
            </LocalizedNames>
            <Descriptions>
              <Description description="Updated default Account form." languagecode="1033" />
            </Descriptions>
          </systemform>
        </forms>
      </FormXml>
      <RibbonDiffXml>
        <CustomActions>
          <CustomAction Id="dev1.account.NetworkViz.Button.CustomAction" Location="Mscrm.Form.account.MainTab.Save.Controls._children" Sequence="64">
            <CommandUIDefinition>
              <Button Command="dev1.account.NetworkViz.Command" Id="dev1.account.NetworkViz.Button" Image16by16="$webresource:dev1_/images/networkviz16.png" LabelText="$LocLabels:dev1.account.NetworkViz.Button.LabelText" Sequence="64" TemplateAlias="o1" />
            </CommandUIDefinition>
          </CustomAction>
        </CustomActions>
        <Templates>
          <RibbonTemplates Id="Mscrm.Templates"></RibbonTemplates>
        </Templates>
        <CommandDefinitions>
          <CommandDefinition Id="dev1.account.NetworkViz.Command">
            <EnableRules />
            <DisplayRules />
            <Actions>
              <JavaScriptFunction FunctionName="isNaN" Library="$webresource:sparkle_/js/mscorlib_crm.js" />
              <JavaScriptFunction FunctionName="isNaN" Library="$webresource:sparkle_/js/SparkleXrm.js" />
              <JavaScriptFunction FunctionName="NetworkView.ClientHooks.Ribbon.AccountRibbon.openNetworkView" Library="$webresource:dev1_/js/NetworkViewClientHooks.js" />
            </Actions>
          </CommandDefinition>
        </CommandDefinitions>
        <RuleDefinitions>
          <TabDisplayRules />
          <DisplayRules />
          <EnableRules />
        </RuleDefinitions>
        <LocLabels>
          <LocLabel Id="dev1.account.NetworkViz.Button.LabelText">
            <Titles>
              <Title description="Visualize" languagecode="1033" />
            </Titles>
          </LocLabel>
        </LocLabels>
      </RibbonDiffXml>
    </Entity>
  </Entities>
  <Roles></Roles>
  <Workflows></Workflows>
  <FieldSecurityProfiles></FieldSecurityProfiles>
  <Templates />
  <EntityMaps />
  <EntityRelationships>
    <EntityRelationship Name="Account_ActivityPointers">
      <EntityRelationshipType>OneToMany</EntityRelationshipType>
      <IntroducedVersion>5.0.0.0</IntroducedVersion>
      <IsHierarchical>0</IsHierarchical>
      <ReferencingEntityName>ActivityPointer</ReferencingEntityName>
      <ReferencedEntityName>Account</ReferencedEntityName>
      <CascadeAssign>NoCascade</CascadeAssign>
      <CascadeDelete>RemoveLink</CascadeDelete>
      <CascadeReparent>NoCascade</CascadeReparent>
      <CascadeShare>NoCascade</CascadeShare>
      <CascadeUnshare>NoCascade</CascadeUnshare>
      <ReferencingAttributeName>RegardingObjectId</ReferencingAttributeName>
      <RelationshipDescription>
        <Descriptions>
          <Description description="Unique identifier of the object with which the activity is associated." languagecode="1033" />
        </Descriptions>
      </RelationshipDescription>
      <field name="regardingobjectid" requiredlevel="none" imemode="auto" lookupstyle="single" lookupbrowse="0" format="regarding">
        <IsSecured>0</IsSecured>
        <DisplayMask>ValidForAdvancedFind|ValidForForm|ValidForGrid</DisplayMask>
        <IsAuditEnabled>0</IsAuditEnabled>
        <displaynames>
          <displayname description="Regarding" languagecode="1033" />
        </displaynames>
      </field>
      <EntityRelationshipRoles>
        <EntityRelationshipRole>
          <NavPaneDisplayOption>UseCollectionName</NavPaneDisplayOption>
          <NavPaneArea>Details</NavPaneArea>
          <NavPaneOrder>20</NavPaneOrder>
        </EntityRelationshipRole>
      </EntityRelationshipRoles>
    </EntityRelationship>
    <EntityRelationship Name="Account_Annotation">
      <EntityRelationshipType>OneToMany</EntityRelationshipType>
      <IntroducedVersion>5.0.0.0</IntroducedVersion>
      <IsHierarchical>0</IsHierarchical>
      <ReferencingEntityName>Annotation</ReferencingEntityName>
      <ReferencedEntityName>Account</ReferencedEntityName>
      <CascadeAssign>Cascade</CascadeAssign>
      <CascadeDelete>Cascade</CascadeDelete>
      <CascadeReparent>Cascade</CascadeReparent>
      <CascadeShare>Cascade</CascadeShare>
      <CascadeUnshare>Cascade</CascadeUnshare>
      <ReferencingAttributeName>ObjectId</ReferencingAttributeName>
      <RelationshipDescription>
        <Descriptions>
          <Description description="Unique identifier of the object with which the note is associated." languagecode="1033" />
        </Descriptions>
      </RelationshipDescription>
      <field name="objectid" requiredlevel="none" imemode="auto" lookupstyle="single" lookupbrowse="0" format="">
        <IsSecured>0</IsSecured>
        <IsAuditEnabled>1</IsAuditEnabled>
        <displaynames>
          <displayname description="Regarding" languagecode="1033" />
        </displaynames>
      </field>
    </EntityRelationship>
    <EntityRelationship Name="Account_Appointments">
      <EntityRelationshipType>OneToMany</EntityRelationshipType>
      <IntroducedVersion>5.0.0.0</IntroducedVersion>
      <IsHierarchical>0</IsHierarchical>
      <ReferencingEntityName>Appointment</ReferencingEntityName>
      <ReferencedEntityName>Account</ReferencedEntityName>
      <CascadeAssign>Cascade</CascadeAssign>
      <CascadeDelete>Cascade</CascadeDelete>
      <CascadeReparent>Cascade</CascadeReparent>
      <CascadeShare>Cascade</CascadeShare>
      <CascadeUnshare>Cascade</CascadeUnshare>
      <ReferencingAttributeName>RegardingObjectId</ReferencingAttributeName>
      <RelationshipDescription>
        <Descriptions>
          <Description description="Unique identifier of the object with which the appointment is associated." languagecode="1033" />
        </Descriptions>
      </RelationshipDescription>
      <field name="regardingobjectid" requiredlevel="none" imemode="auto" lookupstyle="single" lookupbrowse="0" format="regarding">
        <IsSecured>0</IsSecured>
        <DisplayMask>ValidForAdvancedFind|ValidForForm|ValidForGrid</DisplayMask>
        <IsAuditEnabled>0</IsAuditEnabled>
        <displaynames>
          <displayname description="Regarding" languagecode="1033" />
        </displaynames>
      </field>
    </EntityRelationship>
    <EntityRelationship Name="Account_AsyncOperations">
      <EntityRelationshipType>OneToMany</EntityRelationshipType>
      <IntroducedVersion>5.0.0.0</IntroducedVersion>
      <IsHierarchical>0</IsHierarchical>
      <ReferencingEntityName>AsyncOperation</ReferencingEntityName>
      <ReferencedEntityName>Account</ReferencedEntityName>
      <CascadeAssign>NoCascade</CascadeAssign>
      <CascadeDelete>NoCascade</CascadeDelete>
      <CascadeReparent>NoCascade</CascadeReparent>
      <CascadeShare>NoCascade</CascadeShare>
      <CascadeUnshare>NoCascade</CascadeUnshare>
      <ReferencingAttributeName>RegardingObjectId</ReferencingAttributeName>
      <RelationshipDescription>
        <Descriptions>
          <Description description="Unique identifier of the object with which the system job is associated." languagecode="1033" />
        </Descriptions>
      </RelationshipDescription>
      <field name="regardingobjectid" requiredlevel="none" imemode="auto" lookupstyle="single" lookupbrowse="0" format="regarding">
        <IsSecured>0</IsSecured>
        <DisplayMask>ValidForAdvancedFind|ValidForForm|ValidForGrid</DisplayMask>
        <IsAuditEnabled>0</IsAuditEnabled>
        <displaynames>
          <displayname description="Regarding" languagecode="1033" />
        </displaynames>
      </field>
    </EntityRelationship>
    <EntityRelationship Name="Account_BulkDeleteFailures">
      <EntityRelationshipType>OneToMany</EntityRelationshipType>
      <IntroducedVersion>5.0.0.0</IntroducedVersion>
      <IsHierarchical>0</IsHierarchical>
      <ReferencingEntityName>BulkDeleteFailure</ReferencingEntityName>
      <ReferencedEntityName>Account</ReferencedEntityName>
      <CascadeAssign>NoCascade</CascadeAssign>
      <CascadeDelete>Cascade</CascadeDelete>
      <CascadeReparent>NoCascade</CascadeReparent>
      <CascadeShare>NoCascade</CascadeShare>
      <CascadeUnshare>NoCascade</CascadeUnshare>
      <ReferencingAttributeName>RegardingObjectId</ReferencingAttributeName>
      <RelationshipDescription>
        <Descriptions>
          <Description description="Unique identifier of the record that can not be deleted." languagecode="1033" />
        </Descriptions>
      </RelationshipDescription>
      <field name="regardingobjectid" requiredlevel="none" imemode="auto" lookupstyle="single" lookupbrowse="0" format="regarding">
        <IsSecured>0</IsSecured>
        <DisplayMask>ValidForAdvancedFind|ValidForForm|ValidForGrid</DisplayMask>
        <IsAuditEnabled>0</IsAuditEnabled>
        <displaynames>
          <displayname description="Name" languagecode="1033" />
        </displaynames>
      </field>
    </EntityRelationship>
    <EntityRelationship Name="account_connections1">
      <EntityRelationshipType>OneToMany</EntityRelationshipType>
      <IntroducedVersion>5.0.0.0</IntroducedVersion>
      <IsHierarchical>0</IsHierarchical>
      <ReferencingEntityName>Connection</ReferencingEntityName>
      <ReferencedEntityName>Account</ReferencedEntityName>
      <CascadeAssign>NoCascade</CascadeAssign>
      <CascadeDelete>Cascade</CascadeDelete>
      <CascadeReparent>NoCascade</CascadeReparent>
      <CascadeShare>NoCascade</CascadeShare>
      <CascadeUnshare>NoCascade</CascadeUnshare>
      <ReferencingAttributeName>Record1Id</ReferencingAttributeName>
      <RelationshipDescription>
        <Descriptions>
          <Description description="Unique identifier of the source record." languagecode="1033" />
        </Descriptions>
      </RelationshipDescription>
      <field name="record1id" requiredlevel="none" imemode="auto" lookupstyle="single" lookupbrowse="0" format="connection">
        <IsSecured>0</IsSecured>
        <DisplayMask>ValidForAdvancedFind|ValidForForm|ValidForGrid|RequiredForForm</DisplayMask>
        <IsAuditEnabled>1</IsAuditEnabled>
        <displaynames>
          <displayname description="Connected From" languagecode="1033" />
        </displaynames>
      </field>
    </EntityRelationship>
    <EntityRelationship Name="account_connections2">
      <EntityRelationshipType>OneToMany</EntityRelationshipType>
      <IntroducedVersion>5.0.0.0</IntroducedVersion>
      <IsHierarchical>0</IsHierarchical>
      <ReferencingEntityName>Connection</ReferencingEntityName>
      <ReferencedEntityName>Account</ReferencedEntityName>
      <CascadeAssign>NoCascade</CascadeAssign>
      <CascadeDelete>Cascade</CascadeDelete>
      <CascadeReparent>NoCascade</CascadeReparent>
      <CascadeShare>NoCascade</CascadeShare>
      <CascadeUnshare>NoCascade</CascadeUnshare>
      <ReferencingAttributeName>Record2Id</ReferencingAttributeName>
      <RelationshipDescription>
        <Descriptions>
          <Description description="Unique identifier of the target record." languagecode="1033" />
        </Descriptions>
      </RelationshipDescription>
      <field name="record2id" requiredlevel="none" imemode="auto" lookupstyle="single" lookupbrowse="0" format="connection">
        <IsSecured>0</IsSecured>
        <DisplayMask>ValidForAdvancedFind|ValidForForm|ValidForGrid|RequiredForForm</DisplayMask>
        <IsAuditEnabled>1</IsAuditEnabled>
        <displaynames>
          <displayname description="Connected To" languagecode="1033" />
        </displaynames>
      </field>
    </EntityRelationship>
    <EntityRelationship Name="Account_DuplicateBaseRecord">
      <EntityRelationshipType>OneToMany</EntityRelationshipType>
      <IntroducedVersion>5.0.0.0</IntroducedVersion>
      <IsHierarchical>0</IsHierarchical>
      <ReferencingEntityName>DuplicateRecord</ReferencingEntityName>
      <ReferencedEntityName>Account</ReferencedEntityName>
      <CascadeAssign>NoCascade</CascadeAssign>
      <CascadeDelete>Cascade</CascadeDelete>
      <CascadeReparent>NoCascade</CascadeReparent>
      <CascadeShare>NoCascade</CascadeShare>
      <CascadeUnshare>NoCascade</CascadeUnshare>
      <ReferencingAttributeName>BaseRecordId</ReferencingAttributeName>
      <RelationshipDescription>
        <Descriptions>
          <Description description="Unique identifier of the base record." languagecode="1033" />
        </Descriptions>
      </RelationshipDescription>
      <field name="baserecordid" requiredlevel="none" imemode="auto" lookupstyle="single" lookupbrowse="0" format="">
        <IsSecured>0</IsSecured>
        <DisplayMask>ValidForAdvancedFind|ValidForForm|ValidForGrid</DisplayMask>
        <IsAuditEnabled>1</IsAuditEnabled>
        <displaynames>
          <displayname description="Base Record ID" languagecode="1033" />
        </displaynames>
      </field>
    </EntityRelationship>
    <EntityRelationship Name="Account_DuplicateMatchingRecord">
      <EntityRelationshipType>OneToMany</EntityRelationshipType>
      <IntroducedVersion>5.0.0.0</IntroducedVersion>
      <IsHierarchical>0</IsHierarchical>
      <ReferencingEntityName>DuplicateRecord</ReferencingEntityName>
      <ReferencedEntityName>Account</ReferencedEntityName>
      <CascadeAssign>NoCascade</CascadeAssign>
      <CascadeDelete>Cascade</CascadeDelete>
      <CascadeReparent>NoCascade</CascadeReparent>
      <CascadeShare>NoCascade</CascadeShare>
      <CascadeUnshare>NoCascade</CascadeUnshare>
      <ReferencingAttributeName>DuplicateRecordId</ReferencingAttributeName>
      <RelationshipDescription>
        <Descriptions>
          <Description description="Unique identifier of the potential duplicate record." languagecode="1033" />
        </Descriptions>
      </RelationshipDescription>
      <field name="duplicaterecordid" requiredlevel="none" imemode="auto" lookupstyle="single" lookupbrowse="0" format="">
        <IsSecured>0</IsSecured>
        <DisplayMask>ValidForAdvancedFind|ValidForForm|ValidForGrid</DisplayMask>
        <IsAuditEnabled>1</IsAuditEnabled>
        <displaynames>
          <displayname description="Duplicate Record ID" languagecode="1033" />
        </displaynames>
      </field>
    </EntityRelationship>
    <EntityRelationship Name="Account_Emails">
      <EntityRelationshipType>OneToMany</EntityRelationshipType>
      <IntroducedVersion>5.0.0.0</IntroducedVersion>
      <IsHierarchical>0</IsHierarchical>
      <ReferencingEntityName>Email</ReferencingEntityName>
      <ReferencedEntityName>Account</ReferencedEntityName>
      <CascadeAssign>Cascade</CascadeAssign>
      <CascadeDelete>Cascade</CascadeDelete>
      <CascadeReparent>Cascade</CascadeReparent>
      <CascadeShare>Cascade</CascadeShare>
      <CascadeUnshare>Cascade</CascadeUnshare>
      <ReferencingAttributeName>RegardingObjectId</ReferencingAttributeName>
      <RelationshipDescription>
        <Descriptions>
          <Description description="Unique identifier of the object with which the e-mail is associated." languagecode="1033" />
        </Descriptions>
      </RelationshipDescription>
      <field name="regardingobjectid" requiredlevel="none" imemode="auto" lookupstyle="single" lookupbrowse="0" format="regarding">
        <IsSecured>0</IsSecured>
        <DisplayMask>ValidForAdvancedFind|ValidForForm|ValidForGrid|RequiredForForm</DisplayMask>
        <IsAuditEnabled>0</IsAuditEnabled>
        <displaynames>
          <displayname description="Regarding" languagecode="1033" />
        </displaynames>
      </field>
    </EntityRelationship>
    <EntityRelationship Name="Account_Faxes">
      <EntityRelationshipType>OneToMany</EntityRelationshipType>
      <IntroducedVersion>5.0.0.0</IntroducedVersion>
      <IsHierarchical>0</IsHierarchical>
      <ReferencingEntityName>Fax</ReferencingEntityName>
      <ReferencedEntityName>Account</ReferencedEntityName>
      <CascadeAssign>Cascade</CascadeAssign>
      <CascadeDelete>Cascade</CascadeDelete>
      <CascadeReparent>Cascade</CascadeReparent>
      <CascadeShare>Cascade</CascadeShare>
      <CascadeUnshare>Cascade</CascadeUnshare>
      <ReferencingAttributeName>RegardingObjectId</ReferencingAttributeName>
      <RelationshipDescription>
        <Descriptions>
          <Description description="Unique identifier of the object with which the fax activity is associated." languagecode="1033" />
        </Descriptions>
      </RelationshipDescription>
      <field name="regardingobjectid" requiredlevel="none" imemode="auto" lookupstyle="single" lookupbrowse="0" format="regarding">
        <IsSecured>0</IsSecured>
        <DisplayMask>ValidForAdvancedFind|ValidForForm|ValidForGrid</DisplayMask>
        <IsAuditEnabled>0</IsAuditEnabled>
        <displaynames>
          <displayname description="Regarding" languagecode="1033" />
        </displaynames>
      </field>
    </EntityRelationship>
    <EntityRelationship Name="Account_Letters">
      <EntityRelationshipType>OneToMany</EntityRelationshipType>
      <IntroducedVersion>5.0.0.0</IntroducedVersion>
      <IsHierarchical>0</IsHierarchical>
      <ReferencingEntityName>Letter</ReferencingEntityName>
      <ReferencedEntityName>Account</ReferencedEntityName>
      <CascadeAssign>Cascade</CascadeAssign>
      <CascadeDelete>Cascade</CascadeDelete>
      <CascadeReparent>Cascade</CascadeReparent>
      <CascadeShare>Cascade</CascadeShare>
      <CascadeUnshare>Cascade</CascadeUnshare>
      <ReferencingAttributeName>RegardingObjectId</ReferencingAttributeName>
      <RelationshipDescription>
        <Descriptions>
          <Description description="Unique identifier of the object with which the letter activity is associated." languagecode="1033" />
        </Descriptions>
      </RelationshipDescription>
      <field name="regardingobjectid" requiredlevel="none" imemode="auto" lookupstyle="single" lookupbrowse="0" format="regarding">
        <IsSecured>0</IsSecured>
        <DisplayMask>ValidForAdvancedFind|ValidForForm|ValidForGrid</DisplayMask>
        <IsAuditEnabled>0</IsAuditEnabled>
        <displaynames>
          <displayname description="Regarding" languagecode="1033" />
        </displaynames>
      </field>
    </EntityRelationship>
    <EntityRelationship Name="Account_Phonecalls">
      <EntityRelationshipType>OneToMany</EntityRelationshipType>
      <IntroducedVersion>5.0.0.0</IntroducedVersion>
      <IsHierarchical>0</IsHierarchical>
      <ReferencingEntityName>PhoneCall</ReferencingEntityName>
      <ReferencedEntityName>Account</ReferencedEntityName>
      <CascadeAssign>Cascade</CascadeAssign>
      <CascadeDelete>Cascade</CascadeDelete>
      <CascadeReparent>Cascade</CascadeReparent>
      <CascadeShare>Cascade</CascadeShare>
      <CascadeUnshare>Cascade</CascadeUnshare>
      <ReferencingAttributeName>RegardingObjectId</ReferencingAttributeName>
      <RelationshipDescription>
        <Descriptions>
          <Description description="Unique identifier of the object with which the phone call activity is associated." languagecode="1033" />
        </Descriptions>
      </RelationshipDescription>
      <field name="regardingobjectid" requiredlevel="none" imemode="auto" lookupstyle="single" lookupbrowse="0" format="regarding">
        <IsSecured>0</IsSecured>
        <DisplayMask>ValidForAdvancedFind|ValidForForm|ValidForGrid</DisplayMask>
        <IsAuditEnabled>0</IsAuditEnabled>
        <displaynames>
          <displayname description="Regarding" languagecode="1033" />
        </displaynames>
      </field>
    </EntityRelationship>
    <EntityRelationship Name="account_principalobjectattributeaccess">
      <EntityRelationshipType>OneToMany</EntityRelationshipType>
      <IntroducedVersion>5.0.0.0</IntroducedVersion>
      <IsHierarchical>0</IsHierarchical>
      <ReferencingEntityName>PrincipalObjectAttributeAccess</ReferencingEntityName>
      <ReferencedEntityName>Account</ReferencedEntityName>
      <CascadeAssign>NoCascade</CascadeAssign>
      <CascadeDelete>Cascade</CascadeDelete>
      <CascadeReparent>NoCascade</CascadeReparent>
      <CascadeShare>NoCascade</CascadeShare>
      <CascadeUnshare>NoCascade</CascadeUnshare>
      <ReferencingAttributeName>ObjectId</ReferencingAttributeName>
      <RelationshipDescription>
        <Descriptions>
          <Description description="Unique identifier of the entity instance with shared secured field" languagecode="1033" />
        </Descriptions>
      </RelationshipDescription>
      <field name="objectid" requiredlevel="systemrequired" imemode="auto" lookupstyle="single" lookupbrowse="0" format="regarding">
        <IsSecured>0</IsSecured>
        <DisplayMask>ValidForForm|ValidForGrid</DisplayMask>
        <IsAuditEnabled>1</IsAuditEnabled>
        <displaynames>
          <displayname description="Entity instance" languagecode="1033" />
        </displaynames>
      </field>
    </EntityRelationship>
    <EntityRelationship Name="Account_ProcessSessions">
      <EntityRelationshipType>OneToMany</EntityRelationshipType>
      <IntroducedVersion>5.0.0.0</IntroducedVersion>
      <IsHierarchical>0</IsHierarchical>
      <ReferencingEntityName>ProcessSession</ReferencingEntityName>
      <ReferencedEntityName>Account</ReferencedEntityName>
      <CascadeAssign>NoCascade</CascadeAssign>
      <CascadeDelete>NoCascade</CascadeDelete>
      <CascadeReparent>NoCascade</CascadeReparent>
      <CascadeShare>NoCascade</CascadeShare>
      <CascadeUnshare>NoCascade</CascadeUnshare>
      <ReferencingAttributeName>RegardingObjectId</ReferencingAttributeName>
      <RelationshipDescription>
        <Descriptions>
          <Description description="Unique identifier of the object with which the dialog session is associated." languagecode="1033" />
        </Descriptions>
      </RelationshipDescription>
      <field name="regardingobjectid" requiredlevel="none" imemode="auto" lookupstyle="single" lookupbrowse="0" format="regarding">
        <IsSecured>0</IsSecured>
        <DisplayMask>ValidForAdvancedFind|ValidForGrid</DisplayMask>
        <IsAuditEnabled>0</IsAuditEnabled>
        <displaynames>
          <displayname description="Regarding" languagecode="1033" />
        </displaynames>
      </field>
    </EntityRelationship>
    <EntityRelationship Name="Account_RecurringAppointmentMasters">
      <EntityRelationshipType>OneToMany</EntityRelationshipType>
      <IntroducedVersion>5.0.0.0</IntroducedVersion>
      <IsHierarchical>0</IsHierarchical>
      <ReferencingEntityName>RecurringAppointmentMaster</ReferencingEntityName>
      <ReferencedEntityName>Account</ReferencedEntityName>
      <CascadeAssign>Cascade</CascadeAssign>
      <CascadeDelete>Cascade</CascadeDelete>
      <CascadeReparent>Cascade</CascadeReparent>
      <CascadeShare>Cascade</CascadeShare>
      <CascadeUnshare>Cascade</CascadeUnshare>
      <ReferencingAttributeName>RegardingObjectId</ReferencingAttributeName>
      <RelationshipDescription>
        <Descriptions>
          <Description description="Unique identifier of the object with which the recurring appointment series is associated." languagecode="1033" />
        </Descriptions>
      </RelationshipDescription>
      <field name="regardingobjectid" requiredlevel="none" imemode="auto" lookupstyle="single" lookupbrowse="0" format="regarding">
        <IsSecured>0</IsSecured>
        <DisplayMask>ValidForAdvancedFind|ValidForForm|ValidForGrid</DisplayMask>
        <IsAuditEnabled>0</IsAuditEnabled>
        <displaynames>
          <displayname description="Regarding" languagecode="1033" />
        </displaynames>
      </field>
    </EntityRelationship>
    <EntityRelationship Name="Account_ServiceAppointments">
      <EntityRelationshipType>OneToMany</EntityRelationshipType>
      <IntroducedVersion>5.0.0.0</IntroducedVersion>
      <IsHierarchical>0</IsHierarchical>
      <ReferencingEntityName>ServiceAppointment</ReferencingEntityName>
      <ReferencedEntityName>Account</ReferencedEntityName>
      <CascadeAssign>Cascade</CascadeAssign>
      <CascadeDelete>RemoveLink</CascadeDelete>
      <CascadeReparent>Cascade</CascadeReparent>
      <CascadeShare>Cascade</CascadeShare>
      <CascadeUnshare>Cascade</CascadeUnshare>
      <ReferencingAttributeName>RegardingObjectId</ReferencingAttributeName>
      <RelationshipDescription>
        <Descriptions>
          <Description description="Unique identifier of the object with which the service activity is associated." languagecode="1033" />
        </Descriptions>
      </RelationshipDescription>
      <field name="regardingobjectid" requiredlevel="none" imemode="auto" lookupstyle="single" lookupbrowse="0" format="regarding">
        <IsSecured>0</IsSecured>
        <DisplayMask>ValidForAdvancedFind|ValidForForm|ValidForGrid</DisplayMask>
        <IsAuditEnabled>0</IsAuditEnabled>
        <displaynames>
          <displayname description="Regarding" languagecode="1033" />
        </displaynames>
      </field>
    </EntityRelationship>
    <EntityRelationship Name="Account_Tasks">
      <EntityRelationshipType>OneToMany</EntityRelationshipType>
      <IntroducedVersion>5.0.0.0</IntroducedVersion>
      <IsHierarchical>0</IsHierarchical>
      <ReferencingEntityName>Task</ReferencingEntityName>
      <ReferencedEntityName>Account</ReferencedEntityName>
      <CascadeAssign>Cascade</CascadeAssign>
      <CascadeDelete>Cascade</CascadeDelete>
      <CascadeReparent>Cascade</CascadeReparent>
      <CascadeShare>Cascade</CascadeShare>
      <CascadeUnshare>Cascade</CascadeUnshare>
      <ReferencingAttributeName>RegardingObjectId</ReferencingAttributeName>
      <RelationshipDescription>
        <Descriptions>
          <Description description="Unique identifier of the object with which the task is associated." languagecode="1033" />
        </Descriptions>
      </RelationshipDescription>
      <field name="regardingobjectid" requiredlevel="none" imemode="auto" lookupstyle="single" lookupbrowse="0" format="regarding">
        <IsSecured>0</IsSecured>
        <DisplayMask>ValidForAdvancedFind|ValidForForm|ValidForGrid</DisplayMask>
        <IsAuditEnabled>0</IsAuditEnabled>
        <displaynames>
          <displayname description="Regarding" languagecode="1033" />
        </displaynames>
      </field>
    </EntityRelationship>
    <EntityRelationship Name="userentityinstancedata_account">
      <EntityRelationshipType>OneToMany</EntityRelationshipType>
      <IntroducedVersion>5.0.0.0</IntroducedVersion>
      <IsHierarchical>0</IsHierarchical>
      <ReferencingEntityName>UserEntityInstanceData</ReferencingEntityName>
      <ReferencedEntityName>Account</ReferencedEntityName>
      <CascadeAssign>NoCascade</CascadeAssign>
      <CascadeDelete>Cascade</CascadeDelete>
      <CascadeReparent>NoCascade</CascadeReparent>
      <CascadeShare>NoCascade</CascadeShare>
      <CascadeUnshare>NoCascade</CascadeUnshare>
      <ReferencingAttributeName>ObjectId</ReferencingAttributeName>
      <RelationshipDescription>
        <Descriptions>
          <Description description="Unique identifier of the source record." languagecode="1033" />
        </Descriptions>
      </RelationshipDescription>
      <field name="objectid" requiredlevel="systemrequired" imemode="auto" lookupstyle="single" lookupbrowse="0" format="">
        <IsSecured>0</IsSecured>
        <DisplayMask>ValidForAdvancedFind|ValidForForm|ValidForGrid|RequiredForForm</DisplayMask>
        <IsAuditEnabled>1</IsAuditEnabled>
        <displaynames>
          <displayname description="Object Id" languagecode="1033" />
        </displaynames>
      </field>
    </EntityRelationship>
  </EntityRelationships>
  <OrganizationSettings />
  <optionsets />
  <WebResources>
    <WebResource>
      <WebResourceId>{1805c82e-54ca-e411-80c2-080027846324}</WebResourceId>
      <Name>dev1_/html/NetworkView.htm</Name>
      <DisplayName>dev1_/html/NetworkView.htm</DisplayName>
      <WebResourceType>1</WebResourceType>
      <IntroducedVersion>1.0</IntroducedVersion>
      <IsEnabledForMobileClient>0</IsEnabledForMobileClient>
      <IsCustomizable>1</IsCustomizable>
      <CanBeDeleted>1</CanBeDeleted>
      <IsHidden>0</IsHidden>
      <FileName>/WebResources/dev1_htmlNetworkViewhtm1805C82E-54CA-E411-80C2-080027846324</FileName>
    </WebResource>
    <WebResource>
      <WebResourceId>{1c05c82e-54ca-e411-80c2-080027846324}</WebResourceId>
      <Name>dev1_/images/account.png</Name>
      <DisplayName>dev1_/images/account.png</DisplayName>
      <WebResourceType>5</WebResourceType>
      <IntroducedVersion>1.0</IntroducedVersion>
      <IsEnabledForMobileClient>0</IsEnabledForMobileClient>
      <IsCustomizable>1</IsCustomizable>
      <CanBeDeleted>1</CanBeDeleted>
      <IsHidden>0</IsHidden>
      <FileName>/WebResources/dev1_imagesaccountpng1C05C82E-54CA-E411-80C2-080027846324</FileName>
    </WebResource>
    <WebResource>
      <WebResourceId>{1e05c82e-54ca-e411-80c2-080027846324}</WebResourceId>
      <Name>dev1_/images/contact.png</Name>
      <DisplayName>dev1_/images/contact.png</DisplayName>
      <WebResourceType>5</WebResourceType>
      <IntroducedVersion>1.0</IntroducedVersion>
      <IsEnabledForMobileClient>0</IsEnabledForMobileClient>
      <IsCustomizable>1</IsCustomizable>
      <CanBeDeleted>1</CanBeDeleted>
      <IsHidden>0</IsHidden>
      <FileName>/WebResources/dev1_imagescontactpng1E05C82E-54CA-E411-80C2-080027846324</FileName>
    </WebResource>
    <WebResource>
      <WebResourceId>{2205c82e-54ca-e411-80c2-080027846324}</WebResourceId>
      <Name>dev1_/images/Network.png</Name>
      <DisplayName>dev1_/images/Network.png</DisplayName>
      <WebResourceType>5</WebResourceType>
      <IntroducedVersion>1.0</IntroducedVersion>
      <IsEnabledForMobileClient>0</IsEnabledForMobileClient>
      <IsCustomizable>1</IsCustomizable>
      <CanBeDeleted>1</CanBeDeleted>
      <IsHidden>0</IsHidden>
      <FileName>/WebResources/dev1_imagesNetworkpng2205C82E-54CA-E411-80C2-080027846324</FileName>
    </WebResource>
    <WebResource>
      <WebResourceId>{2405c82e-54ca-e411-80c2-080027846324}</WebResourceId>
      <Name>dev1_/js/NetworkViewClient.js</Name>
      <DisplayName>dev1_/js/NetworkViewClient.js</DisplayName>
      <WebResourceType>3</WebResourceType>
      <IntroducedVersion>1.0</IntroducedVersion>
      <IsEnabledForMobileClient>0</IsEnabledForMobileClient>
      <IsCustomizable>1</IsCustomizable>
      <CanBeDeleted>1</CanBeDeleted>
      <IsHidden>0</IsHidden>
      <FileName>/WebResources/dev1_jsNetworkViewClientjs2405C82E-54CA-E411-80C2-080027846324</FileName>
    </WebResource>
    <WebResource>
      <WebResourceId>{2605c82e-54ca-e411-80c2-080027846324}</WebResourceId>
      <Name>dev1_/js/d3.v3.min.js</Name>
      <DisplayName>dev1_/js/d3.v3.min.js</DisplayName>
      <WebResourceType>3</WebResourceType>
      <IntroducedVersion>1.0</IntroducedVersion>
      <IsEnabledForMobileClient>0</IsEnabledForMobileClient>
      <IsCustomizable>1</IsCustomizable>
      <CanBeDeleted>1</CanBeDeleted>
      <IsHidden>0</IsHidden>
      <FileName>/WebResources/dev1_jsd3v3minjs2605C82E-54CA-E411-80C2-080027846324</FileName>
    </WebResource>
    <WebResource>
      <WebResourceId>{a4121bf8-e0de-e411-80d4-080027846324}</WebResourceId>
      <Name>dev1_/js/NetworkViewClientHooks.js</Name>
      <DisplayName>dev1_/js/NetworkViewClientHooks.js</DisplayName>
      <WebResourceType>3</WebResourceType>
      <IntroducedVersion>1.0</IntroducedVersion>
      <IsEnabledForMobileClient>0</IsEnabledForMobileClient>
      <IsCustomizable>1</IsCustomizable>
      <CanBeDeleted>1</CanBeDeleted>
      <IsHidden>0</IsHidden>
      <FileName>/WebResources/dev1_jsNetworkViewClientHooksjsA4121BF8-E0DE-E411-80D4-080027846324</FileName>
    </WebResource>
    <WebResource>
      <WebResourceId>{1da41670-e6de-e411-80d4-080027846324}</WebResourceId>
      <Name>dev1_/images/networkviz16.png</Name>
      <DisplayName>dev1_/images/networkviz16.png</DisplayName>
      <WebResourceType>5</WebResourceType>
      <IntroducedVersion>1.0</IntroducedVersion>
      <IsEnabledForMobileClient>0</IsEnabledForMobileClient>
      <IsCustomizable>1</IsCustomizable>
      <CanBeDeleted>1</CanBeDeleted>
      <IsHidden>0</IsHidden>
      <FileName>/WebResources/dev1_imagesnetworkviz16png1DA41670-E6DE-E411-80D4-080027846324</FileName>
    </WebResource>
    <WebResource unmodified="1">
      <WebResourceId>{0ee631fa-f376-e311-80d1-080027cb4a93}</WebResourceId>
      <Name>sparkle_/js/mscorlib_crm.js</Name>
      <DisplayName>sparkle_/js/mscorlib_crm.js</DisplayName>
      <WebResourceType>3</WebResourceType>
      <IntroducedVersion>1.0</IntroducedVersion>
    </WebResource>
    <WebResource unmodified="1">
      <WebResourceId>{17e631fa-f376-e311-80d1-080027cb4a93}</WebResourceId>
      <Name>sparkle_/js/SparkleXrm.js</Name>
      <DisplayName>sparkle_/js/SparkleXrm.js</DisplayName>
      <WebResourceType>3</WebResourceType>
      <IntroducedVersion>1.0</IntroducedVersion>
    </WebResource>
  </WebResources>
  <Languages>
    <Language>1033</Language>
  </Languages>
</ImportExportXml>