<ImportExportXml xmlns:xsi="http://www.w3.org/2001/XMLSchema-instance">
  <Entities></Entities>
  <Roles></Roles>
  <Workflows></Workflows>
  <FieldSecurityProfiles></FieldSecurityProfiles>
  <Templates />
  <RibbonDiffXml>
    <CustomActions>
      <CustomAction Id="dev1.ApplicationRibbon.{!EntityLogicalName}.Button4.Button.CustomAction" Location="Mscrm.HomepageGrid.{!EntityLogicalName}.MainTab.Management.Controls._children" Sequence="7">
        <CommandUIDefinition>
          <Button Command="dev1.MultiEntitySearch.Command" Id="dev1.ApplicationRibbon.{!EntityLogicalName}.Button4.Button" LabelText="$LocLabels:dev1.ApplicationRibbon.Button4.Button.LabelText" Sequence="7" TemplateAlias="o1" />
        </CommandUIDefinition>
      </CustomAction>
      <CustomAction Id="dev1.ApplicationRibbon.{!EntityLogicalName}.Button5.Button.CustomAction" Location="Mscrm.Form.{!EntityLogicalName}.MainTab.Save.Controls._children" Sequence="7">
        <CommandUIDefinition>
          <Button Command="dev1.MultiEntitySearch.Command" Id="dev1.ApplicationRibbon.{!EntityLogicalName}.Button5.Button" LabelText="$LocLabels:dev1.ApplicationRibbon.Button5.Button.LabelText" Sequence="7" TemplateAlias="o1" />
        </CommandUIDefinition>
      </CustomAction>
      <CustomAction Id="dev1.ApplicationRibbon.{!EntityLogicalName}.Button6.Button.CustomAction" Location="Mscrm.SubGrid.{!EntityLogicalName}.MainTab.Management.Controls._children" Sequence="5">
        <CommandUIDefinition>
          <Button Id="dev1.ApplicationRibbon.{!EntityLogicalName}.Button6.Button" LabelText="$LocLabels:dev1.ApplicationRibbon.Button6.Button.LabelText" Sequence="5" TemplateAlias="o1" />
        </CommandUIDefinition>
      </CustomAction>
      <CustomAction Id="dev1.ApplicationRibbon.{!EntityLogicalName}.MultiEntitySearch.Button.CustomAction" Location="Mscrm.DashboardTab.Management.Controls._children" Sequence="7">
        <CommandUIDefinition>
          <Button Command="dev1.MultiEntitySearch.Command" Id="dev1.ApplicationRibbon.{!EntityLogicalName}.MultiEntitySearch.Button" LabelText="$LocLabels:dev1.ApplicationRibbon.MultiEntitySearch.Button.LabelText" Sequence="7" TemplateAlias="o1" />
        </CommandUIDefinition>
      </CustomAction>
      <CustomAction Id="dev1.ApplicationRibbon.Button3.Button.CustomAction" Location="Mscrm.BasicHomeTab.New.Controls._children" Sequence="6">
        <CommandUIDefinition>
          <Button Command="dev1.MultiEntitySearch.Command" Id="dev1.ApplicationRibbon.Button3.Button" LabelText="$LocLabels:dev1.ApplicationRibbon.Button3.Button.LabelText" Sequence="6" TemplateAlias="o1" />
        </CommandUIDefinition>
      </CustomAction>
    </CustomActions>
    <Templates>
      <RibbonTemplates Id="Mscrm.Templates"></RibbonTemplates>
    </Templates>
    <CommandDefinitions>
      <CommandDefinition Id="dev1.MultiEntitySearch.Command">
        <EnableRules>
          <EnableRule Id="dev1.MultiEntitySearch.AddSearchButton.EnableRule" />
        </EnableRules>
        <DisplayRules>
          <DisplayRule Id="Mscrm.HideForTabletExperience" />
          <DisplayRule Id="Mscrm.HideOnModern" />
          <DisplayRule Id="dev1.MultiEntitySearch.WebOnly.DisplayRule" />
        </DisplayRules>
        <Actions>
          <JavaScriptFunction FunctionName="isNaN" Library="$webresource:dev1_/js/MultiEntitySearchRibbonHelper.js" />
        </Actions>
      </CommandDefinition>
    </CommandDefinitions>
    <RuleDefinitions>
      <TabDisplayRules />
      <DisplayRules>
        <DisplayRule Id="dev1.MultiEntitySearch.WebOnly.DisplayRule">
          <CrmClientTypeRule Type="Web" />
          <CommandClientTypeRule Type="Refresh" />
        </DisplayRule>
      </DisplayRules>
      <EnableRules>
        <EnableRule Id="dev1.MultiEntitySearch.AddSearchButton.EnableRule">
          <CustomRule FunctionName="Develop1_NavBar_AddGlobalSearch" Library="$webresource:dev1_/js/MultiEntitySearchRibbonHelper.js" />
        </EnableRule>
      </EnableRules>
    </RuleDefinitions>
    <LocLabels>
      <LocLabel Id="dev1.ApplicationRibbon.Button3.Button.LabelText">
        <Titles>
          <Title description="Global Search" languagecode="1033" />
        </Titles>
      </LocLabel>
      <LocLabel Id="dev1.ApplicationRibbon.Button4.Button.LabelText">
        <Titles>
          <Title description="Global Search" languagecode="1033" />
        </Titles>
      </LocLabel>
      <LocLabel Id="dev1.ApplicationRibbon.Button5.Button.LabelText">
        <Titles>
          <Title description="Global Search" languagecode="1033" />
        </Titles>
      </LocLabel>
      <LocLabel Id="dev1.ApplicationRibbon.Button6.Button.LabelText">
        <Titles>
          <Title description="Global Search" languagecode="1033" />
        </Titles>
      </LocLabel>
      <LocLabel Id="dev1.ApplicationRibbon.MultiEntitySearch.Button.LabelText">
        <Titles>
          <Title description="Global Search" languagecode="1033" />
        </Titles>
      </LocLabel>
    </LocLabels>
  </RibbonDiffXml>
  <EntityMaps />
  <EntityRelationships />
  <OrganizationSettings />
  <optionsets />
  <WebResources>
    <WebResource>
      <WebResourceId>{ca562d44-8d0a-e311-a508-000c299ffe7d}</WebResourceId>
      <Name>dev1_/html/MultiEntitySearch.htm</Name>
      <DisplayName>dev1_/html/MultiEntitySearch.htm</DisplayName>
      <WebResourceType>1</WebResourceType>
      <IntroducedVersion>1.0.0.0</IntroducedVersion>
      <IsCustomizable>1</IsCustomizable>
      <CanBeDeleted>1</CanBeDeleted>
      <IsHidden>0</IsHidden>
      <FileName>/WebResources/dev1_htmlMultiEntitySearchhtmCA562D44-8D0A-E311-A508-000C299FFE7D</FileName>
    </WebResource>
    <WebResource>
      <WebResourceId>{cd562d44-8d0a-e311-a508-000c299ffe7d}</WebResourceId>
      <Name>dev1_/js/MultiEntitySearch.js</Name>
      <DisplayName>dev1_/js/MultiEntitySearch.js</DisplayName>
      <WebResourceType>3</WebResourceType>
      <IntroducedVersion>1.0.0.0</IntroducedVersion>
      <IsCustomizable>1</IsCustomizable>
      <CanBeDeleted>1</CanBeDeleted>
      <IsHidden>0</IsHidden>
      <FileName>/WebResources/dev1_jsMultiEntitySearchjsCD562D44-8D0A-E311-A508-000C299FFE7D</FileName>
    </WebResource>
    <WebResource>
      <WebResourceId>{4614256a-6895-e311-80e4-080027cb4a93}</WebResourceId>
      <Name>dev1_/html/MultiEntitySearch2013.htm</Name>
      <DisplayName>dev1_/html/MultiEntitySearch2013.htm</DisplayName>
      <WebResourceType>1</WebResourceType>
      <IntroducedVersion>1.0</IntroducedVersion>
      <IsCustomizable>1</IsCustomizable>
      <CanBeDeleted>1</CanBeDeleted>
      <IsHidden>0</IsHidden>
      <FileName>/WebResources/dev1_htmlMultiEntitySearch2013htm4614256A-6895-E311-80E4-080027CB4A93</FileName>
    </WebResource>
    <WebResource>
      <WebResourceId>{6803c9fb-6c95-e311-80e4-080027cb4a93}</WebResourceId>
      <Name>dev1_/js/MultiEntitySearchRibbonHelper.js</Name>
      <DisplayName>dev1_/js/MultiEntitySearchRibbonHelper.js</DisplayName>
      <WebResourceType>3</WebResourceType>
      <IntroducedVersion>1.0</IntroducedVersion>
      <IsCustomizable>1</IsCustomizable>
      <CanBeDeleted>1</CanBeDeleted>
      <IsHidden>0</IsHidden>
      <FileName>/WebResources/dev1_jsMultiEntitySearchRibbonHelperjs6803C9FB-6C95-E311-80E4-080027CB4A93</FileName>
    </WebResource>
    <WebResource>
      <WebResourceId>{e990d188-a8ed-e311-8111-080027cb4a93}</WebResourceId>
      <Name>dev1_/css/MultiEntitySearch.css</Name>
      <DisplayName>dev1_/css/MultiEntitySearch.css</DisplayName>
      <WebResourceType>2</WebResourceType>
      <IntroducedVersion>1.0</IntroducedVersion>
      <IsCustomizable>1</IsCustomizable>
      <CanBeDeleted>1</CanBeDeleted>
      <IsHidden>0</IsHidden>
      <FileName>/WebResources/dev1_cssMultiEntitySearchcssE990D188-A8ED-E311-8111-080027CB4A93</FileName>
    </WebResource>
  </WebResources>
  <Languages>
    <Language>1033</Language>
    <Language>1031</Language>
  </Languages>
</ImportExportXml>