<ImportExportXml xmlns:xsi="http://www.w3.org/2001/XMLSchema-instance">
  <Entities></Entities>
  <Roles></Roles>
  <Workflows></Workflows>
  <FieldSecurityProfiles></FieldSecurityProfiles>
  <Templates />
  <EntityMaps />
  <EntityRelationships />
  <OrganizationSettings />
  <optionsets />
  <WebResources>
    <WebResource>
      <WebResourceId>{2b6429f4-f376-e311-80d1-080027cb4a93}</WebResourceId>
      <Name>sparkle_/css/2013/images/btn_lookup_resolving.gif</Name>
      <DisplayName>sparkle_/css/2013/images/btn_lookup_resolving.gif</DisplayName>
      <WebResourceType>7</WebResourceType>
      <IntroducedVersion>1.0</IntroducedVersion>
      <IsEnabledForMobileClient>0</IsEnabledForMobileClient>
      <IsCustomizable>1</IsCustomizable>
      <CanBeDeleted>1</CanBeDeleted>
      <IsHidden>0</IsHidden>
      <FileName>/WebResources/sparkle_css2013imagesbtn_lookup_resolvinggif2B6429F4-F376-E311-80D1-080027CB4A93</FileName>
    </WebResource>
    <WebResource>
      <WebResourceId>{2e6429f4-f376-e311-80d1-080027cb4a93}</WebResourceId>
      <Name>sparkle_/css/2013/images/control_imgs.png</Name>
      <DisplayName>sparkle_/css/2013/images/control_imgs.png</DisplayName>
      <WebResourceType>5</WebResourceType>
      <IntroducedVersion>1.0</IntroducedVersion>
      <IsEnabledForMobileClient>0</IsEnabledForMobileClient>
      <IsCustomizable>1</IsCustomizable>
      <CanBeDeleted>1</CanBeDeleted>
      <IsHidden>0</IsHidden>
      <FileName>/WebResources/sparkle_css2013imagescontrol_imgspng2E6429F4-F376-E311-80D1-080027CB4A93</FileName>
    </WebResource>
    <WebResource>
      <WebResourceId>{316429f4-f376-e311-80d1-080027cb4a93}</WebResourceId>
      <Name>sparkle_/css/2013/images/grid_ctrl_imgs.png</Name>
      <DisplayName>sparkle_/css/2013/images/grid_ctrl_imgs.png</DisplayName>
      <WebResourceType>5</WebResourceType>
      <IntroducedVersion>1.0</IntroducedVersion>
      <IsEnabledForMobileClient>0</IsEnabledForMobileClient>
      <IsCustomizable>1</IsCustomizable>
      <CanBeDeleted>1</CanBeDeleted>
      <IsHidden>0</IsHidden>
      <FileName>/WebResources/sparkle_css2013imagesgrid_ctrl_imgspng316429F4-F376-E311-80D1-080027CB4A93</FileName>
    </WebResource>
    <WebResource>
      <WebResourceId>{346429f4-f376-e311-80d1-080027cb4a93}</WebResourceId>
      <Name>sparkle_/css/2013/images/inlineedit_images.png</Name>
      <DisplayName>sparkle_/css/2013/images/inlineedit_images.png</DisplayName>
      <WebResourceType>5</WebResourceType>
      <IntroducedVersion>1.0</IntroducedVersion>
      <IsEnabledForMobileClient>0</IsEnabledForMobileClient>
      <IsCustomizable>1</IsCustomizable>
      <CanBeDeleted>1</CanBeDeleted>
      <IsHidden>0</IsHidden>
      <FileName>/WebResources/sparkle_css2013imagesinlineedit_imagespng346429F4-F376-E311-80D1-080027CB4A93</FileName>
    </WebResource>
    <WebResource>
      <WebResourceId>{376429f4-f376-e311-80d1-080027cb4a93}</WebResourceId>
      <Name>sparkle_/css/2013/images/progress.gif</Name>
      <DisplayName>sparkle_/css/2013/images/progress.gif</DisplayName>
      <WebResourceType>7</WebResourceType>
      <IntroducedVersion>1.0</IntroducedVersion>
      <IsEnabledForMobileClient>0</IsEnabledForMobileClient>
      <IsCustomizable>1</IsCustomizable>
      <CanBeDeleted>1</CanBeDeleted>
      <IsHidden>0</IsHidden>
      <FileName>/WebResources/sparkle_css2013imagesprogressgif376429F4-F376-E311-80D1-080027CB4A93</FileName>
    </WebResource>
    <WebResource>
      <WebResourceId>{3a6429f4-f376-e311-80d1-080027cb4a93}</WebResourceId>
      <Name>sparkle_/css/2013/images/ui_icons_222222_256x240.png</Name>
      <DisplayName>sparkle_/css/2013/images/ui_icons_222222_256x240.png</DisplayName>
      <WebResourceType>5</WebResourceType>
      <IntroducedVersion>1.0</IntroducedVersion>
      <IsEnabledForMobileClient>0</IsEnabledForMobileClient>
      <IsCustomizable>1</IsCustomizable>
      <CanBeDeleted>1</CanBeDeleted>
      <IsHidden>0</IsHidden>
      <FileName>/WebResources/sparkle_css2013imagesui_icons_222222_256x240png3A6429F4-F376-E311-80D1-080027CB4A93</FileName>
    </WebResource>
    <WebResource>
      <WebResourceId>{3d6429f4-f376-e311-80d1-080027cb4a93}</WebResourceId>
      <Name>sparkle_/css/2013/images/ui_icons_3f5ac6_256x240.png</Name>
      <DisplayName>sparkle_/css/2013/images/ui_icons_3f5ac6_256x240.png</DisplayName>
      <WebResourceType>5</WebResourceType>
      <IntroducedVersion>1.0</IntroducedVersion>
      <IsEnabledForMobileClient>0</IsEnabledForMobileClient>
      <IsCustomizable>1</IsCustomizable>
      <CanBeDeleted>1</CanBeDeleted>
      <IsHidden>0</IsHidden>
      <FileName>/WebResources/sparkle_css2013imagesui_icons_3f5ac6_256x240png3D6429F4-F376-E311-80D1-080027CB4A93</FileName>
    </WebResource>
    <WebResource>
      <WebResourceId>{406429f4-f376-e311-80d1-080027cb4a93}</WebResourceId>
      <Name>sparkle_/css/2013/sparkle.css</Name>
      <DisplayName>sparkle_/css/2013/sparkle.css</DisplayName>
      <WebResourceType>2</WebResourceType>
      <IntroducedVersion>1.0</IntroducedVersion>
      <IsEnabledForMobileClient>0</IsEnabledForMobileClient>
      <IsCustomizable>1</IsCustomizable>
      <CanBeDeleted>1</CanBeDeleted>
      <IsHidden>0</IsHidden>
      <FileName>/WebResources/sparkle_css2013sparklecss406429F4-F376-E311-80D1-080027CB4A93</FileName>
    </WebResource>
    <WebResource>
      <WebResourceId>{436429f4-f376-e311-80d1-080027cb4a93}</WebResourceId>
      <Name>sparkle_/css/2013/sparkle_jquery_ui.css</Name>
      <DisplayName>sparkle_/css/2013/sparkle_jquery_ui.css</DisplayName>
      <WebResourceType>2</WebResourceType>
      <IntroducedVersion>1.0</IntroducedVersion>
      <IsEnabledForMobileClient>0</IsEnabledForMobileClient>
      <IsCustomizable>1</IsCustomizable>
      <CanBeDeleted>1</CanBeDeleted>
      <IsHidden>0</IsHidden>
      <FileName>/WebResources/sparkle_css2013sparkle_jquery_uicss436429F4-F376-E311-80D1-080027CB4A93</FileName>
    </WebResource>
    <WebResource>
      <WebResourceId>{466429f4-f376-e311-80d1-080027cb4a93}</WebResourceId>
      <Name>sparkle_/css/images/btn_lookup_resolving.gif</Name>
      <DisplayName>sparkle_/css/images/btn_lookup_resolving.gif</DisplayName>
      <WebResourceType>7</WebResourceType>
      <IntroducedVersion>1.0</IntroducedVersion>
      <IsEnabledForMobileClient>0</IsEnabledForMobileClient>
      <IsCustomizable>1</IsCustomizable>
      <CanBeDeleted>1</CanBeDeleted>
      <IsHidden>0</IsHidden>
      <FileName>/WebResources/sparkle_cssimagesbtn_lookup_resolvinggif466429F4-F376-E311-80D1-080027CB4A93</FileName>
    </WebResource>
    <WebResource>
      <WebResourceId>{496429f4-f376-e311-80d1-080027cb4a93}</WebResourceId>
      <Name>sparkle_/css/images/collapse.gif</Name>
      <DisplayName>sparkle_/css/images/collapse.gif</DisplayName>
      <WebResourceType>7</WebResourceType>
      <IntroducedVersion>1.0</IntroducedVersion>
      <IsEnabledForMobileClient>0</IsEnabledForMobileClient>
      <IsCustomizable>1</IsCustomizable>
      <CanBeDeleted>1</CanBeDeleted>
      <IsHidden>0</IsHidden>
      <FileName>/WebResources/sparkle_cssimagescollapsegif496429F4-F376-E311-80D1-080027CB4A93</FileName>
    </WebResource>
    <WebResource>
      <WebResourceId>{4c6429f4-f376-e311-80d1-080027cb4a93}</WebResourceId>
      <Name>sparkle_/css/images/control_imgs.png</Name>
      <DisplayName>sparkle_/css/images/control_imgs.png</DisplayName>
      <WebResourceType>5</WebResourceType>
      <IntroducedVersion>1.0</IntroducedVersion>
      <IsEnabledForMobileClient>0</IsEnabledForMobileClient>
      <IsCustomizable>1</IsCustomizable>
      <CanBeDeleted>1</CanBeDeleted>
      <IsHidden>0</IsHidden>
      <FileName>/WebResources/sparkle_cssimagescontrol_imgspng4C6429F4-F376-E311-80D1-080027CB4A93</FileName>
    </WebResource>
    <WebResource>
      <WebResourceId>{4f6429f4-f376-e311-80d1-080027cb4a93}</WebResourceId>
      <Name>sparkle_/css/images/expand.gif</Name>
      <DisplayName>sparkle_/css/images/expand.gif</DisplayName>
      <WebResourceType>7</WebResourceType>
      <IntroducedVersion>1.0</IntroducedVersion>
      <IsEnabledForMobileClient>0</IsEnabledForMobileClient>
      <IsCustomizable>1</IsCustomizable>
      <CanBeDeleted>1</CanBeDeleted>
      <IsHidden>0</IsHidden>
      <FileName>/WebResources/sparkle_cssimagesexpandgif4F6429F4-F376-E311-80D1-080027CB4A93</FileName>
    </WebResource>
    <WebResource>
      <WebResourceId>{526429f4-f376-e311-80d1-080027cb4a93}</WebResourceId>
      <Name>sparkle_/css/images/grid_resizer.png</Name>
      <DisplayName>sparkle_/css/images/grid_resizer.png</DisplayName>
      <WebResourceType>5</WebResourceType>
      <IntroducedVersion>1.0</IntroducedVersion>
      <IsEnabledForMobileClient>0</IsEnabledForMobileClient>
      <IsCustomizable>1</IsCustomizable>
      <CanBeDeleted>1</CanBeDeleted>
      <IsHidden>0</IsHidden>
      <FileName>/WebResources/sparkle_cssimagesgrid_resizerpng526429F4-F376-E311-80D1-080027CB4A93</FileName>
    </WebResource>
    <WebResource>
      <WebResourceId>{556429f4-f376-e311-80d1-080027cb4a93}</WebResourceId>
      <Name>sparkle_/css/images/grid_ctrl_imgs.png</Name>
      <DisplayName>sparkle_/css/images/grid_ctrl_imgs.png</DisplayName>
      <WebResourceType>5</WebResourceType>
      <IntroducedVersion>1.0</IntroducedVersion>
      <IsEnabledForMobileClient>0</IsEnabledForMobileClient>
      <IsCustomizable>1</IsCustomizable>
      <CanBeDeleted>1</CanBeDeleted>
      <IsHidden>0</IsHidden>
      <FileName>/WebResources/sparkle_cssimagesgrid_ctrl_imgspng556429F4-F376-E311-80D1-080027CB4A93</FileName>
    </WebResource>
    <WebResource>
      <WebResourceId>{586429f4-f376-e311-80d1-080027cb4a93}</WebResourceId>
      <Name>sparkle_/css/images/inlineedit_images.png</Name>
      <DisplayName>sparkle_/css/images/inlineedit_images.png</DisplayName>
      <WebResourceType>5</WebResourceType>
      <IntroducedVersion>1.0</IntroducedVersion>
      <IsEnabledForMobileClient>0</IsEnabledForMobileClient>
      <IsCustomizable>1</IsCustomizable>
      <CanBeDeleted>1</CanBeDeleted>
      <IsHidden>0</IsHidden>
      <FileName>/WebResources/sparkle_cssimagesinlineedit_imagespng586429F4-F376-E311-80D1-080027CB4A93</FileName>
    </WebResource>
    <WebResource>
      <WebResourceId>{5b6429f4-f376-e311-80d1-080027cb4a93}</WebResourceId>
      <Name>sparkle_/css/images/outlook14/ButtonNormalGradient.png</Name>
      <DisplayName>sparkle_/css/images/outlook14/ButtonNormalGradient.png</DisplayName>
      <WebResourceType>5</WebResourceType>
      <IntroducedVersion>1.0</IntroducedVersion>
      <IsEnabledForMobileClient>0</IsEnabledForMobileClient>
      <IsCustomizable>1</IsCustomizable>
      <CanBeDeleted>1</CanBeDeleted>
      <IsHidden>0</IsHidden>
      <FileName>/WebResources/sparkle_cssimagesoutlook14ButtonNormalGradientpng5B6429F4-F376-E311-80D1-080027CB4A93</FileName>
    </WebResource>
    <WebResource>
      <WebResourceId>{5e6429f4-f376-e311-80d1-080027cb4a93}</WebResourceId>
      <Name>sparkle_/css/images/outlook14/ButtonSelectedGradient.png</Name>
      <DisplayName>sparkle_/css/images/outlook14/ButtonSelectedGradient.png</DisplayName>
      <WebResourceType>5</WebResourceType>
      <IntroducedVersion>1.0</IntroducedVersion>
      <IsEnabledForMobileClient>0</IsEnabledForMobileClient>
      <IsCustomizable>1</IsCustomizable>
      <CanBeDeleted>1</CanBeDeleted>
      <IsHidden>0</IsHidden>
      <FileName>/WebResources/sparkle_cssimagesoutlook14ButtonSelectedGradientpn5E6429F4-F376-E311-80D1-080027CB4A93</FileName>
    </WebResource>
    <WebResource>
      <WebResourceId>{616429f4-f376-e311-80d1-080027cb4a93}</WebResourceId>
      <Name>sparkle_/css/images/outlook14/GridColumnGradient.png</Name>
      <DisplayName>sparkle_/css/images/outlook14/GridColumnGradient.png</DisplayName>
      <WebResourceType>5</WebResourceType>
      <IntroducedVersion>1.0</IntroducedVersion>
      <IsEnabledForMobileClient>0</IsEnabledForMobileClient>
      <IsCustomizable>1</IsCustomizable>
      <CanBeDeleted>1</CanBeDeleted>
      <IsHidden>0</IsHidden>
      <FileName>/WebResources/sparkle_cssimagesoutlook14GridColumnGradientpng616429F4-F376-E311-80D1-080027CB4A93</FileName>
    </WebResource>
    <WebResource>
      <WebResourceId>{646429f4-f376-e311-80d1-080027cb4a93}</WebResourceId>
      <Name>sparkle_/css/images/outlook14/GridColumnGradientHover.png</Name>
      <DisplayName>sparkle_/css/images/outlook14/GridColumnGradientHover.png</DisplayName>
      <WebResourceType>5</WebResourceType>
      <IntroducedVersion>1.0</IntroducedVersion>
      <IsEnabledForMobileClient>0</IsEnabledForMobileClient>
      <IsCustomizable>1</IsCustomizable>
      <CanBeDeleted>1</CanBeDeleted>
      <IsHidden>0</IsHidden>
      <FileName>/WebResources/sparkle_cssimagesoutlook14GridColumnGradientHoverp646429F4-F376-E311-80D1-080027CB4A93</FileName>
    </WebResource>
    <WebResource>
      <WebResourceId>{676429f4-f376-e311-80d1-080027cb4a93}</WebResourceId>
      <Name>sparkle_/css/images/outlook14/GridToolbarBkgd.png</Name>
      <DisplayName>sparkle_/css/images/outlook14/GridToolbarBkgd.png</DisplayName>
      <WebResourceType>5</WebResourceType>
      <IntroducedVersion>1.0</IntroducedVersion>
      <IsEnabledForMobileClient>0</IsEnabledForMobileClient>
      <IsCustomizable>1</IsCustomizable>
      <CanBeDeleted>1</CanBeDeleted>
      <IsHidden>0</IsHidden>
      <FileName>/WebResources/sparkle_cssimagesoutlook14GridToolbarBkgdpng676429F4-F376-E311-80D1-080027CB4A93</FileName>
    </WebResource>
    <WebResource>
      <WebResourceId>{6a6429f4-f376-e311-80d1-080027cb4a93}</WebResourceId>
      <Name>sparkle_/css/images/progress.gif</Name>
      <DisplayName>sparkle_/css/images/progress.gif</DisplayName>
      <WebResourceType>7</WebResourceType>
      <IntroducedVersion>1.0</IntroducedVersion>
      <IsEnabledForMobileClient>0</IsEnabledForMobileClient>
      <IsCustomizable>1</IsCustomizable>
      <CanBeDeleted>1</CanBeDeleted>
      <IsHidden>0</IsHidden>
      <FileName>/WebResources/sparkle_cssimagesprogressgif6A6429F4-F376-E311-80D1-080027CB4A93</FileName>
    </WebResource>
    <WebResource>
      <WebResourceId>{6d6429f4-f376-e311-80d1-080027cb4a93}</WebResourceId>
      <Name>sparkle_/css/images/dev1_progressbar.gif</Name>
      <DisplayName>sparkle_/css/images/dev1_progressbar.gif</DisplayName>
      <WebResourceType>7</WebResourceType>
      <IntroducedVersion>1.0</IntroducedVersion>
      <IsEnabledForMobileClient>0</IsEnabledForMobileClient>
      <IsCustomizable>1</IsCustomizable>
      <CanBeDeleted>1</CanBeDeleted>
      <IsHidden>0</IsHidden>
      <FileName>/WebResources/sparkle_cssimagesdev1_progressbargif6D6429F4-F376-E311-80D1-080027CB4A93</FileName>
    </WebResource>
    <WebResource>
      <WebResourceId>{706429f4-f376-e311-80d1-080027cb4a93}</WebResourceId>
      <Name>sparkle_/css/images/scroll_down.png</Name>
      <DisplayName>sparkle_/css/images/scroll_down.png</DisplayName>
      <WebResourceType>5</WebResourceType>
      <IntroducedVersion>1.0</IntroducedVersion>
      <IsEnabledForMobileClient>0</IsEnabledForMobileClient>
      <IsCustomizable>1</IsCustomizable>
      <CanBeDeleted>1</CanBeDeleted>
      <IsHidden>0</IsHidden>
      <FileName>/WebResources/sparkle_cssimagesscroll_downpng706429F4-F376-E311-80D1-080027CB4A93</FileName>
    </WebResource>
    <WebResource>
      <WebResourceId>{736429f4-f376-e311-80d1-080027cb4a93}</WebResourceId>
      <Name>sparkle_/css/images/scroll_left.png</Name>
      <DisplayName>sparkle_/css/images/scroll_left.png</DisplayName>
      <WebResourceType>5</WebResourceType>
      <IntroducedVersion>1.0</IntroducedVersion>
      <IsEnabledForMobileClient>0</IsEnabledForMobileClient>
      <IsCustomizable>1</IsCustomizable>
      <CanBeDeleted>1</CanBeDeleted>
      <IsHidden>0</IsHidden>
      <FileName>/WebResources/sparkle_cssimagesscroll_leftpng736429F4-F376-E311-80D1-080027CB4A93</FileName>
    </WebResource>
    <WebResource>
      <WebResourceId>{766429f4-f376-e311-80d1-080027cb4a93}</WebResourceId>
      <Name>sparkle_/css/images/scroll_right.png</Name>
      <DisplayName>sparkle_/css/images/scroll_right.png</DisplayName>
      <WebResourceType>5</WebResourceType>
      <IntroducedVersion>1.0</IntroducedVersion>
      <IsEnabledForMobileClient>0</IsEnabledForMobileClient>
      <IsCustomizable>1</IsCustomizable>
      <CanBeDeleted>1</CanBeDeleted>
      <IsHidden>0</IsHidden>
      <FileName>/WebResources/sparkle_cssimagesscroll_rightpng766429F4-F376-E311-80D1-080027CB4A93</FileName>
    </WebResource>
    <WebResource>
      <WebResourceId>{796429f4-f376-e311-80d1-080027cb4a93}</WebResourceId>
      <Name>sparkle_/css/images/scroll_up.png</Name>
      <DisplayName>sparkle_/css/images/scroll_up.png</DisplayName>
      <WebResourceType>5</WebResourceType>
      <IntroducedVersion>1.0</IntroducedVersion>
      <IsEnabledForMobileClient>0</IsEnabledForMobileClient>
      <IsCustomizable>1</IsCustomizable>
      <CanBeDeleted>1</CanBeDeleted>
      <IsHidden>0</IsHidden>
      <FileName>/WebResources/sparkle_cssimagesscroll_uppng796429F4-F376-E311-80D1-080027CB4A93</FileName>
    </WebResource>
    <WebResource>
      <WebResourceId>{7c6429f4-f376-e311-80d1-080027cb4a93}</WebResourceId>
      <Name>sparkle_/css/images/sort_asc.gif</Name>
      <DisplayName>sparkle_/css/images/sort_asc.gif</DisplayName>
      <WebResourceType>7</WebResourceType>
      <IntroducedVersion>1.0</IntroducedVersion>
      <IsEnabledForMobileClient>0</IsEnabledForMobileClient>
      <IsCustomizable>1</IsCustomizable>
      <CanBeDeleted>1</CanBeDeleted>
      <IsHidden>0</IsHidden>
      <FileName>/WebResources/sparkle_cssimagessort_ascgif7C6429F4-F376-E311-80D1-080027CB4A93</FileName>
    </WebResource>
    <WebResource>
      <WebResourceId>{7f6429f4-f376-e311-80d1-080027cb4a93}</WebResourceId>
      <Name>sparkle_/css/images/sort_desc.gif</Name>
      <DisplayName>sparkle_/css/images/sort_desc.gif</DisplayName>
      <WebResourceType>7</WebResourceType>
      <IntroducedVersion>1.0</IntroducedVersion>
      <IsEnabledForMobileClient>0</IsEnabledForMobileClient>
      <IsCustomizable>1</IsCustomizable>
      <CanBeDeleted>1</CanBeDeleted>
      <IsHidden>0</IsHidden>
      <FileName>/WebResources/sparkle_cssimagessort_descgif7F6429F4-F376-E311-80D1-080027CB4A93</FileName>
    </WebResource>
    <WebResource>
      <WebResourceId>{826429f4-f376-e311-80d1-080027cb4a93}</WebResourceId>
      <Name>sparkle_/css/images/transparent_spacer.gif</Name>
      <DisplayName>sparkle_/css/images/transparent_spacer.gif</DisplayName>
      <WebResourceType>7</WebResourceType>
      <IntroducedVersion>1.0</IntroducedVersion>
      <IsEnabledForMobileClient>0</IsEnabledForMobileClient>
      <IsCustomizable>1</IsCustomizable>
      <CanBeDeleted>1</CanBeDeleted>
      <IsHidden>0</IsHidden>
      <FileName>/WebResources/sparkle_cssimagestransparent_spacergif826429F4-F376-E311-80D1-080027CB4A93</FileName>
    </WebResource>
    <WebResource>
      <WebResourceId>{856429f4-f376-e311-80d1-080027cb4a93}</WebResourceId>
      <Name>sparkle_/css/images/ui_bg_flat_0_aaaaaa_40x100.png</Name>
      <DisplayName>sparkle_/css/images/ui_bg_flat_0_aaaaaa_40x100.png</DisplayName>
      <WebResourceType>5</WebResourceType>
      <IntroducedVersion>1.0</IntroducedVersion>
      <IsEnabledForMobileClient>0</IsEnabledForMobileClient>
      <IsCustomizable>1</IsCustomizable>
      <CanBeDeleted>1</CanBeDeleted>
      <IsHidden>0</IsHidden>
      <FileName>/WebResources/sparkle_cssimagesui_bg_flat_0_aaaaaa_40x100png856429F4-F376-E311-80D1-080027CB4A93</FileName>
    </WebResource>
    <WebResource>
      <WebResourceId>{886429f4-f376-e311-80d1-080027cb4a93}</WebResourceId>
      <Name>sparkle_/css/images/ui_bg_flat_0_e9edf1_40x100.png</Name>
      <DisplayName>sparkle_/css/images/ui_bg_flat_0_e9edf1_40x100.png</DisplayName>
      <WebResourceType>5</WebResourceType>
      <IntroducedVersion>1.0</IntroducedVersion>
      <IsEnabledForMobileClient>0</IsEnabledForMobileClient>
      <IsCustomizable>1</IsCustomizable>
      <CanBeDeleted>1</CanBeDeleted>
      <IsHidden>0</IsHidden>
      <FileName>/WebResources/sparkle_cssimagesui_bg_flat_0_e9edf1_40x100png886429F4-F376-E311-80D1-080027CB4A93</FileName>
    </WebResource>
    <WebResource>
      <WebResourceId>{8b6429f4-f376-e311-80d1-080027cb4a93}</WebResourceId>
      <Name>sparkle_/css/images/ui_bg_flat_0_ffffff_40x100.png</Name>
      <DisplayName>sparkle_/css/images/ui_bg_flat_0_ffffff_40x100.png</DisplayName>
      <WebResourceType>5</WebResourceType>
      <IntroducedVersion>1.0</IntroducedVersion>
      <IsEnabledForMobileClient>0</IsEnabledForMobileClient>
      <IsCustomizable>1</IsCustomizable>
      <CanBeDeleted>1</CanBeDeleted>
      <IsHidden>0</IsHidden>
      <FileName>/WebResources/sparkle_cssimagesui_bg_flat_0_ffffff_40x100png8B6429F4-F376-E311-80D1-080027CB4A93</FileName>
    </WebResource>
    <WebResource>
      <WebResourceId>{8e6429f4-f376-e311-80d1-080027cb4a93}</WebResourceId>
      <Name>sparkle_/css/images/ui_bg_flat_100_e9edf1_40x100.png</Name>
      <DisplayName>sparkle_/css/images/ui_bg_flat_100_e9edf1_40x100.png</DisplayName>
      <WebResourceType>5</WebResourceType>
      <IntroducedVersion>1.0</IntroducedVersion>
      <IsEnabledForMobileClient>0</IsEnabledForMobileClient>
      <IsCustomizable>1</IsCustomizable>
      <CanBeDeleted>1</CanBeDeleted>
      <IsHidden>0</IsHidden>
      <FileName>/WebResources/sparkle_cssimagesui_bg_flat_100_e9edf1_40x100png8E6429F4-F376-E311-80D1-080027CB4A93</FileName>
    </WebResource>
    <WebResource>
      <WebResourceId>{916429f4-f376-e311-80d1-080027cb4a93}</WebResourceId>
      <Name>sparkle_/css/images/ui_bg_flat_55_F4D79D_40x100.png</Name>
      <DisplayName>sparkle_/css/images/ui_bg_flat_55_F4D79D_40x100.png</DisplayName>
      <WebResourceType>5</WebResourceType>
      <IntroducedVersion>1.0</IntroducedVersion>
      <IsEnabledForMobileClient>0</IsEnabledForMobileClient>
      <IsCustomizable>1</IsCustomizable>
      <CanBeDeleted>1</CanBeDeleted>
      <IsHidden>0</IsHidden>
      <FileName>/WebResources/sparkle_cssimagesui_bg_flat_55_F4D79D_40x100png916429F4-F376-E311-80D1-080027CB4A93</FileName>
    </WebResource>
    <WebResource>
      <WebResourceId>{946429f4-f376-e311-80d1-080027cb4a93}</WebResourceId>
      <Name>sparkle_/css/images/ui_bg_flat_75_cccccc_40x100.png</Name>
      <DisplayName>sparkle_/css/images/ui_bg_flat_75_cccccc_40x100.png</DisplayName>
      <WebResourceType>5</WebResourceType>
      <IntroducedVersion>1.0</IntroducedVersion>
      <IsEnabledForMobileClient>0</IsEnabledForMobileClient>
      <IsCustomizable>1</IsCustomizable>
      <CanBeDeleted>1</CanBeDeleted>
      <IsHidden>0</IsHidden>
      <FileName>/WebResources/sparkle_cssimagesui_bg_flat_75_cccccc_40x100png946429F4-F376-E311-80D1-080027CB4A93</FileName>
    </WebResource>
    <WebResource>
      <WebResourceId>{976429f4-f376-e311-80d1-080027cb4a93}</WebResourceId>
      <Name>sparkle_/css/images/ui_bg_flat_75_dadada_40x100.png</Name>
      <DisplayName>sparkle_/css/images/ui_bg_flat_75_dadada_40x100.png</DisplayName>
      <WebResourceType>5</WebResourceType>
      <IntroducedVersion>1.0</IntroducedVersion>
      <IsEnabledForMobileClient>0</IsEnabledForMobileClient>
      <IsCustomizable>1</IsCustomizable>
      <CanBeDeleted>1</CanBeDeleted>
      <IsHidden>0</IsHidden>
      <FileName>/WebResources/sparkle_cssimagesui_bg_flat_75_dadada_40x100png976429F4-F376-E311-80D1-080027CB4A93</FileName>
    </WebResource>
    <WebResource>
      <WebResourceId>{9a6429f4-f376-e311-80d1-080027cb4a93}</WebResourceId>
      <Name>sparkle_/css/images/ui_bg_flat_75_e6e6e6_40x100.png</Name>
      <DisplayName>sparkle_/css/images/ui_bg_flat_75_e6e6e6_40x100.png</DisplayName>
      <WebResourceType>5</WebResourceType>
      <IntroducedVersion>1.0</IntroducedVersion>
      <IsEnabledForMobileClient>0</IsEnabledForMobileClient>
      <IsCustomizable>1</IsCustomizable>
      <CanBeDeleted>1</CanBeDeleted>
      <IsHidden>0</IsHidden>
      <FileName>/WebResources/sparkle_cssimagesui_bg_flat_75_e6e6e6_40x100png9A6429F4-F376-E311-80D1-080027CB4A93</FileName>
    </WebResource>
    <WebResource>
      <WebResourceId>{9d6429f4-f376-e311-80d1-080027cb4a93}</WebResourceId>
      <Name>sparkle_/css/images/ui_bg_flat_75_ffffff_40x100.png</Name>
      <DisplayName>sparkle_/css/images/ui_bg_flat_75_ffffff_40x100.png</DisplayName>
      <WebResourceType>5</WebResourceType>
      <IntroducedVersion>1.0</IntroducedVersion>
      <IsEnabledForMobileClient>0</IsEnabledForMobileClient>
      <IsCustomizable>1</IsCustomizable>
      <CanBeDeleted>1</CanBeDeleted>
      <IsHidden>0</IsHidden>
      <FileName>/WebResources/sparkle_cssimagesui_bg_flat_75_ffffff_40x100png9D6429F4-F376-E311-80D1-080027CB4A93</FileName>
    </WebResource>
    <WebResource>
      <WebResourceId>{a06429f4-f376-e311-80d1-080027cb4a93}</WebResourceId>
      <Name>sparkle_/css/images/ui_bg_glass_55_fbf9ee_1x400.png</Name>
      <DisplayName>sparkle_/css/images/ui_bg_glass_55_fbf9ee_1x400.png</DisplayName>
      <WebResourceType>5</WebResourceType>
      <IntroducedVersion>1.0</IntroducedVersion>
      <IsEnabledForMobileClient>0</IsEnabledForMobileClient>
      <IsCustomizable>1</IsCustomizable>
      <CanBeDeleted>1</CanBeDeleted>
      <IsHidden>0</IsHidden>
      <FileName>/WebResources/sparkle_cssimagesui_bg_glass_55_fbf9ee_1x400pngA06429F4-F376-E311-80D1-080027CB4A93</FileName>
    </WebResource>
    <WebResource>
      <WebResourceId>{a36429f4-f376-e311-80d1-080027cb4a93}</WebResourceId>
      <Name>sparkle_/css/images/ui_bg_glass_95_fef1ec_1x400.png</Name>
      <DisplayName>sparkle_/css/images/ui_bg_glass_95_fef1ec_1x400.png</DisplayName>
      <WebResourceType>5</WebResourceType>
      <IntroducedVersion>1.0</IntroducedVersion>
      <IsEnabledForMobileClient>0</IsEnabledForMobileClient>
      <IsCustomizable>1</IsCustomizable>
      <CanBeDeleted>1</CanBeDeleted>
      <IsHidden>0</IsHidden>
      <FileName>/WebResources/sparkle_cssimagesui_bg_glass_95_fef1ec_1x400pngA36429F4-F376-E311-80D1-080027CB4A93</FileName>
    </WebResource>
    <WebResource>
      <WebResourceId>{a66429f4-f376-e311-80d1-080027cb4a93}</WebResourceId>
      <Name>sparkle_/css/images/ui_icons_222222_256x240.png</Name>
      <DisplayName>sparkle_/css/images/ui_icons_222222_256x240.png</DisplayName>
      <WebResourceType>5</WebResourceType>
      <IntroducedVersion>1.0</IntroducedVersion>
      <IsEnabledForMobileClient>0</IsEnabledForMobileClient>
      <IsCustomizable>1</IsCustomizable>
      <CanBeDeleted>1</CanBeDeleted>
      <IsHidden>0</IsHidden>
      <FileName>/WebResources/sparkle_cssimagesui_icons_222222_256x240pngA66429F4-F376-E311-80D1-080027CB4A93</FileName>
    </WebResource>
    <WebResource>
      <WebResourceId>{a96429f4-f376-e311-80d1-080027cb4a93}</WebResourceId>
      <Name>sparkle_/css/images/ui_icons_2e83ff_256x240.png</Name>
      <DisplayName>sparkle_/css/images/ui_icons_2e83ff_256x240.png</DisplayName>
      <WebResourceType>5</WebResourceType>
      <IntroducedVersion>1.0</IntroducedVersion>
      <IsEnabledForMobileClient>0</IsEnabledForMobileClient>
      <IsCustomizable>1</IsCustomizable>
      <CanBeDeleted>1</CanBeDeleted>
      <IsHidden>0</IsHidden>
      <FileName>/WebResources/sparkle_cssimagesui_icons_2e83ff_256x240pngA96429F4-F376-E311-80D1-080027CB4A93</FileName>
    </WebResource>
    <WebResource>
      <WebResourceId>{ac6429f4-f376-e311-80d1-080027cb4a93}</WebResourceId>
      <Name>sparkle_/css/images/ui_icons_3f5ac6_256x240.png</Name>
      <DisplayName>sparkle_/css/images/ui_icons_3f5ac6_256x240.png</DisplayName>
      <WebResourceType>5</WebResourceType>
      <IntroducedVersion>1.0</IntroducedVersion>
      <IsEnabledForMobileClient>0</IsEnabledForMobileClient>
      <IsCustomizable>1</IsCustomizable>
      <CanBeDeleted>1</CanBeDeleted>
      <IsHidden>0</IsHidden>
      <FileName>/WebResources/sparkle_cssimagesui_icons_3f5ac6_256x240pngAC6429F4-F376-E311-80D1-080027CB4A93</FileName>
    </WebResource>
    <WebResource>
      <WebResourceId>{af6429f4-f376-e311-80d1-080027cb4a93}</WebResourceId>
      <Name>sparkle_/css/images/ui_icons_454545_256x240.png</Name>
      <DisplayName>sparkle_/css/images/ui_icons_454545_256x240.png</DisplayName>
      <WebResourceType>5</WebResourceType>
      <IntroducedVersion>1.0</IntroducedVersion>
      <IsEnabledForMobileClient>0</IsEnabledForMobileClient>
      <IsCustomizable>1</IsCustomizable>
      <CanBeDeleted>1</CanBeDeleted>
      <IsHidden>0</IsHidden>
      <FileName>/WebResources/sparkle_cssimagesui_icons_454545_256x240pngAF6429F4-F376-E311-80D1-080027CB4A93</FileName>
    </WebResource>
    <WebResource>
      <WebResourceId>{b26429f4-f376-e311-80d1-080027cb4a93}</WebResourceId>
      <Name>sparkle_/css/images/ui_icons_888888_256x240.png</Name>
      <DisplayName>sparkle_/css/images/ui_icons_888888_256x240.png</DisplayName>
      <WebResourceType>5</WebResourceType>
      <IntroducedVersion>1.0</IntroducedVersion>
      <IsEnabledForMobileClient>0</IsEnabledForMobileClient>
      <IsCustomizable>1</IsCustomizable>
      <CanBeDeleted>1</CanBeDeleted>
      <IsHidden>0</IsHidden>
      <FileName>/WebResources/sparkle_cssimagesui_icons_888888_256x240pngB26429F4-F376-E311-80D1-080027CB4A93</FileName>
    </WebResource>
    <WebResource>
      <WebResourceId>{b56429f4-f376-e311-80d1-080027cb4a93}</WebResourceId>
      <Name>sparkle_/css/images/ui_icons_cd0a0a_256x240.png</Name>
      <DisplayName>sparkle_/css/images/ui_icons_cd0a0a_256x240.png</DisplayName>
      <WebResourceType>5</WebResourceType>
      <IntroducedVersion>1.0</IntroducedVersion>
      <IsEnabledForMobileClient>0</IsEnabledForMobileClient>
      <IsCustomizable>1</IsCustomizable>
      <CanBeDeleted>1</CanBeDeleted>
      <IsHidden>0</IsHidden>
      <FileName>/WebResources/sparkle_cssimagesui_icons_cd0a0a_256x240pngB56429F4-F376-E311-80D1-080027CB4A93</FileName>
    </WebResource>
    <WebResource>
      <WebResourceId>{b86429f4-f376-e311-80d1-080027cb4a93}</WebResourceId>
      <Name>sparkle_/css/sparkle.css</Name>
      <DisplayName>sparkle_/css/sparkle.css</DisplayName>
      <WebResourceType>2</WebResourceType>
      <IntroducedVersion>1.0</IntroducedVersion>
      <IsEnabledForMobileClient>0</IsEnabledForMobileClient>
      <IsCustomizable>1</IsCustomizable>
      <CanBeDeleted>1</CanBeDeleted>
      <IsHidden>0</IsHidden>
      <FileName>/WebResources/sparkle_csssparklecssB86429F4-F376-E311-80D1-080027CB4A93</FileName>
    </WebResource>
    <WebResource>
      <WebResourceId>{bb6429f4-f376-e311-80d1-080027cb4a93}</WebResourceId>
      <Name>sparkle_/css/sparkle_jquery_ui.css</Name>
      <DisplayName>sparkle_/css/sparkle_jquery_ui.css</DisplayName>
      <WebResourceType>2</WebResourceType>
      <IntroducedVersion>1.0</IntroducedVersion>
      <IsEnabledForMobileClient>0</IsEnabledForMobileClient>
      <IsCustomizable>1</IsCustomizable>
      <CanBeDeleted>1</CanBeDeleted>
      <IsHidden>0</IsHidden>
      <FileName>/WebResources/sparkle_csssparkle_jquery_uicssBB6429F4-F376-E311-80D1-080027CB4A93</FileName>
    </WebResource>
    <WebResource>
      <WebResourceId>{08e631fa-f376-e311-80d1-080027cb4a93}</WebResourceId>
      <Name>sparkle_/html/form.templates.htm</Name>
      <DisplayName>sparkle_/html/form.templates.htm</DisplayName>
      <WebResourceType>1</WebResourceType>
      <IntroducedVersion>1.0</IntroducedVersion>
      <IsEnabledForMobileClient>0</IsEnabledForMobileClient>
      <IsCustomizable>1</IsCustomizable>
      <CanBeDeleted>1</CanBeDeleted>
      <IsHidden>0</IsHidden>
      <FileName>/WebResources/sparkle_htmlformtemplateshtm08E631FA-F376-E311-80D1-080027CB4A93</FileName>
    </WebResource>
    <WebResource>
      <WebResourceId>{0be631fa-f376-e311-80d1-080027cb4a93}</WebResourceId>
      <Name>sparkle_/js/mscorlib.js</Name>
      <DisplayName>sparkle_/js/mscorlib.js</DisplayName>
      <WebResourceType>3</WebResourceType>
      <IntroducedVersion>1.0</IntroducedVersion>
      <IsEnabledForMobileClient>0</IsEnabledForMobileClient>
      <IsCustomizable>1</IsCustomizable>
      <CanBeDeleted>1</CanBeDeleted>
      <IsHidden>0</IsHidden>
      <FileName>/WebResources/sparkle_jsmscorlibjs0BE631FA-F376-E311-80D1-080027CB4A93</FileName>
    </WebResource>
    <WebResource>
      <WebResourceId>{0ee631fa-f376-e311-80d1-080027cb4a93}</WebResourceId>
      <Name>sparkle_/js/mscorlib_crm.js</Name>
      <DisplayName>sparkle_/js/mscorlib_crm.js</DisplayName>
      <WebResourceType>3</WebResourceType>
      <IntroducedVersion>1.0</IntroducedVersion>
      <IsEnabledForMobileClient>0</IsEnabledForMobileClient>
      <IsCustomizable>1</IsCustomizable>
      <CanBeDeleted>1</CanBeDeleted>
      <IsHidden>0</IsHidden>
      <FileName>/WebResources/sparkle_jsmscorlib_crmjs0EE631FA-F376-E311-80D1-080027CB4A93</FileName>
    </WebResource>
    <WebResource>
      <WebResourceId>{11e631fa-f376-e311-80d1-080027cb4a93}</WebResourceId>
      <Name>sparkle_/js/SparkleXrmUI.js</Name>
      <DisplayName>sparkle_/js/SparkleXrmUI.js</DisplayName>
      <WebResourceType>3</WebResourceType>
      <IntroducedVersion>1.0</IntroducedVersion>
      <IsEnabledForMobileClient>0</IsEnabledForMobileClient>
      <IsCustomizable>1</IsCustomizable>
      <CanBeDeleted>1</CanBeDeleted>
      <IsHidden>0</IsHidden>
      <FileName>/WebResources/sparkle_jsSparkleXrmUIjs11E631FA-F376-E311-80D1-080027CB4A93</FileName>
    </WebResource>
    <WebResource>
      <WebResourceId>{14e631fa-f376-e311-80d1-080027cb4a93}</WebResourceId>
      <Name>sparkle_/js/SparkleXrmUI_Dependancies.js</Name>
      <DisplayName>sparkle_/js/SparkleXrmUI_Dependancies.js</DisplayName>
      <WebResourceType>3</WebResourceType>
      <IntroducedVersion>1.0</IntroducedVersion>
      <IsEnabledForMobileClient>0</IsEnabledForMobileClient>
      <IsCustomizable>1</IsCustomizable>
      <CanBeDeleted>1</CanBeDeleted>
      <IsHidden>0</IsHidden>
      <FileName>/WebResources/sparkle_jsSparkleXrmUI_Dependanciesjs14E631FA-F376-E311-80D1-080027CB4A93</FileName>
    </WebResource>
    <WebResource>
      <WebResourceId>{17e631fa-f376-e311-80d1-080027cb4a93}</WebResourceId>
      <Name>sparkle_/js/SparkleXrm.js</Name>
      <DisplayName>sparkle_/js/SparkleXrm.js</DisplayName>
      <WebResourceType>3</WebResourceType>
      <IntroducedVersion>1.0</IntroducedVersion>
      <IsEnabledForMobileClient>0</IsEnabledForMobileClient>
      <IsCustomizable>1</IsCustomizable>
      <CanBeDeleted>1</CanBeDeleted>
      <IsHidden>0</IsHidden>
      <FileName>/WebResources/sparkle_jsSparkleXrmjs17E631FA-F376-E311-80D1-080027CB4A93</FileName>
    </WebResource>
  </WebResources>
  <Languages>
    <Language>1033</Language>
  </Languages>
</ImportExportXml>