<ImportExportXml xmlns:xsi="http://www.w3.org/2001/XMLSchema-instance">
  <Entities>
    <Entity>
      <Name LocalizedName="Quote" OriginalName="Quote">Quote</Name>
      <ObjectTypeCode>1084</ObjectTypeCode>
      <FormXml>
        <forms type="main">
          <systemform>
            <formid>{a7152a8b-afbf-44f0-99c7-fa9e44dd73f5}</formid>
            <form>
              <tabs>
                <tab name="general" verticallayout="true" id="{73f77301-0ce2-4882-ba65-eff4df12b091}" IsUserDefined="0" ordinalvalue="0">
                  <columns>
                    <column width="100%" id="0">
                      <sections>
                        <section name="quote information" showlabel="false" showbar="false" id="{129d77c1-4183-4dc3-ab98-b53fdb59f259}" IsUserDefined="0" ordinalvalue="0">
                          <rows>
                            <row>
                              <cell id="{d128c57f-a920-4279-ac36-079099b51495}" showlabel="false" ordinalvalue="20006" solutionaction="Modified" />
                            </row>
                          </rows>
                        </section>
                        <section name="totals" showlabel="true" showbar="true" id="{6e3ec431-ab66-418b-8e51-3d9aaa2889cf}" IsUserDefined="0" ordinalvalue="1">
                          <rows>
                            <row>
                              <cell id="{6962194a-2233-4fe9-8e6a-af4939e708d9}" showlabel="false" ordinalvalue="20001" solutionaction="Modified" />
                            </row>
                            <row>
                              <cell id="{fe9738bd-69ec-4ffa-95b7-211815764453}" showlabel="false" ordinalvalue="20003" solutionaction="Modified" />
                            </row>
                            <row>
                              <cell id="{be536fc6-ec36-4209-a130-9dcd22e49566}" showlabel="false" ordinalvalue="20005" solutionaction="Modified" />
                            </row>
                            <row>
                              <cell id="{058020c7-8a75-4ea2-a274-2bb29caaaa34}" showlabel="false" ordinalvalue="20007" solutionaction="Modified" />
                            </row>
                            <row>
                              <cell id="{9855b39f-35fb-4568-8964-d2e4856e6c5b}" showlabel="false" ordinalvalue="20009" solutionaction="Modified" />
                            </row>
                            <row>
                              <cell id="{ee960a4e-a4af-4800-9379-19f2fcfe9c1b}" showlabel="false" ordinalvalue="20011" solutionaction="Modified" />
                            </row>
                            <row>
                              <cell id="{1851c9ee-f32c-494f-9916-6d9629acf2c4}" showlabel="false" ordinalvalue="20013" solutionaction="Modified" />
                            </row>
                          </rows>
                        </section>
                      </sections>
                    </column>
                  </columns>
                </tab>
                <tab name="shipping" id="{36ca3ed4-a618-4707-a22d-1423a7e23335}" IsUserDefined="0" ordinalvalue="1">
                  <columns>
                    <column width="100%" id="0">
                      <sections>
                        <section name="shipping information" showlabel="true" showbar="true" id="{b981e1d1-5626-4108-8a9a-79c960a0684b}" IsUserDefined="0" ordinalvalue="1">
                          <rows>
                            <row>
                              <cell id="{35a97c99-d182-4565-9d8f-c1a8d480f587}" showlabel="false" ordinalvalue="20001" solutionaction="Modified" />
                            </row>
                            <row>
                              <cell id="{11b9f585-d83f-4427-acee-ecb52a6d6fb7}" showlabel="false" ordinalvalue="20003" solutionaction="Modified" />
                            </row>
                            <row>
                              <cell id="{257693ca-550e-44a6-bfb1-55a1fe37ef2f}" showlabel="false" ordinalvalue="20005" solutionaction="Modified" />
                            </row>
                          </rows>
                        </section>
                      </sections>
                    </column>
                  </columns>
                </tab>
                <tab name="addresses" id="{6487b243-6bc2-419b-860b-5ff5463f86cf}" IsUserDefined="0" ordinalvalue="2">
                  <columns>
                    <column width="100%" id="0">
                      <sections>
                        <section name="bill to address" showlabel="true" showbar="true" id="{845502ff-99c6-4979-ab91-4626ee1d1c08}" IsUserDefined="0" ordinalvalue="0">
                          <rows>
                            <row>
                              <cell id="{bef82e3f-a48c-48d4-8fcb-ee1cbb49baab}" showlabel="false" ordinalvalue="20011" solutionaction="Modified" />
                            </row>
                          </rows>
                        </section>
                        <section name="ship to address" showlabel="true" showbar="true" id="{1c55e6b4-eb3b-48b9-8be7-a87112f6e29b}" IsUserDefined="0" ordinalvalue="1">
                          <rows>
                            <row>
                              <cell id="{f5770159-6053-4e3c-baee-f0f8f11e3337}" showlabel="false" ordinalvalue="20012" solutionaction="Modified" />
                            </row>
                          </rows>
                        </section>
                      </sections>
                    </column>
                  </columns>
                </tab>
                <tab name="tab_6" id="{0850aebd-9a4a-7db0-021b-036be47cc593}" IsUserDefined="0" locklevel="0" showlabel="true" expanded="true" ordinalvalue="5" solutionaction="Added">
                  <labels>
                    <label description="Quote Products" languagecode="1033" />
                  </labels>
                  <columns>
                    <column width="100%" id="0">
                      <sections>
                        <section name="tab_6_section_1" showlabel="false" showbar="false" locklevel="0" id="{e2ddeb01-5245-d6d6-2138-d30d14de32ec}" IsUserDefined="0" layout="varwidth" columns="1" labelwidth="115" celllabelalignment="Left" celllabelposition="Left" height="auto" ordinalvalue="0">
                          <labels>
                            <label description="Section" languagecode="1033" />
                          </labels>
                          <rows>
                            <row>
                              <cell id="{8b9694e7-2e30-1288-519a-3a27c0910103}" showlabel="false" colspan="1" auto="true" rowspan="12" ordinalvalue="10000">
                                <labels>
                                  <label description="LineItems" languagecode="1033" />
                                </labels>
                                <control id="WebResource_LineItems" classid="{9FDF5F91-88B1-47f4-AD53-C11EFC01A01D}">
                                  <parameters>
                                    <Url>dev1_/html/QuoteLineItemEditor.htm</Url>
                                    <PassParameters>false</PassParameters>
                                    <Security>false</Security>
                                    <Scrolling>auto</Scrolling>
                                    <Border>false</Border>
                                    <ShowInROF>false</ShowInROF>
                                  </parameters>
                                </control>
                                <events>
                                  <event name="onload" application="0">
                                    <dependencies />
                                  </event>
                                </events>
                              </cell>
                            </row>
                            <row />
                            <row />
                            <row />
                            <row />
                            <row />
                            <row />
                            <row />
                            <row />
                            <row />
                            <row />
                            <row height="auto" />
                          </rows>
                        </section>
                      </sections>
                    </column>
                  </columns>
                </tab>
              </tabs>
              <Navigation solutionaction="Added">
                <NavBar></NavBar>
                <NavBarAreas>
                  <NavBarArea Id="Info">
                    <Titles>
                      <Title LCID="1033" Text="Common" />
                    </Titles>
                  </NavBarArea>
                  <NavBarArea Id="Sales">
                    <Titles>
                      <Title LCID="1033" Text="Sales" />
                    </Titles>
                  </NavBarArea>
                  <NavBarArea Id="Service">
                    <Titles>
                      <Title LCID="1033" Text="Service" />
                    </Titles>
                  </NavBarArea>
                  <NavBarArea Id="Marketing">
                    <Titles>
                      <Title LCID="1033" Text="Marketing" />
                    </Titles>
                  </NavBarArea>
                  <NavBarArea Id="ProcessCenter">
                    <Titles>
                      <Title LCID="1033" Text="Processes" />
                    </Titles>
                  </NavBarArea>
                </NavBarAreas>
              </Navigation>
            </form>
            <LocalizedNames>
              <LocalizedName description="Informationen" languagecode="1031" />
              <LocalizedName description="Information" languagecode="1033" />
            </LocalizedNames>
            <Descriptions>
              <Description description="Ein Formular für diese Entität." languagecode="1031" />
              <Description description="A form for this entity." languagecode="1033" />
            </Descriptions>
          </systemform>
        </forms>
      </FormXml>
      <RibbonDiffXml>
        <CustomActions />
        <Templates>
          <RibbonTemplates Id="Mscrm.Templates"></RibbonTemplates>
        </Templates>
        <CommandDefinitions />
        <RuleDefinitions>
          <TabDisplayRules />
          <DisplayRules />
          <EnableRules />
        </RuleDefinitions>
        <LocLabels />
      </RibbonDiffXml>
    </Entity>
    <Entity>
      <Name LocalizedName="Quote Product" OriginalName="Quote Product">QuoteDetail</Name>
      <ObjectTypeCode>1085</ObjectTypeCode>
      <RibbonDiffXml>
        <CustomActions />
        <Templates>
          <RibbonTemplates Id="Mscrm.Templates"></RibbonTemplates>
        </Templates>
        <CommandDefinitions />
        <RuleDefinitions>
          <TabDisplayRules />
          <DisplayRules />
          <EnableRules />
        </RuleDefinitions>
        <LocLabels />
      </RibbonDiffXml>
    </Entity>
  </Entities>
  <Roles></Roles>
  <Workflows></Workflows>
  <FieldSecurityProfiles></FieldSecurityProfiles>
  <Templates />
  <EntityMaps />
  <EntityRelationships />
  <OrganizationSettings />
  <optionsets />
  <WebResources>
    <WebResource>
      <WebResourceId>{da721e6e-ffe3-e211-bcf3-000c299ffe7d}</WebResourceId>
      <Name>dev1_/html/QuoteLineItemEditor.htm</Name>
      <DisplayName>dev1_/html/QuoteLineItemEditor.htm</DisplayName>
      <WebResourceType>1</WebResourceType>
      <IsCustomizable>1</IsCustomizable>
      <CanBeDeleted>1</CanBeDeleted>
      <IsHidden>0</IsHidden>
      <FileName>/WebResources/dev1_htmlQuoteLineItemEditorhtmDA721E6E-FFE3-E211-BCF3-000C299FFE7D</FileName>
    </WebResource>
    <WebResource>
      <WebResourceId>{dd721e6e-ffe3-e211-bcf3-000c299ffe7d}</WebResourceId>
      <Name>dev1_/js/Client.js</Name>
      <DisplayName>dev1_/js/Client.js</DisplayName>
      <WebResourceType>3</WebResourceType>
      <IsCustomizable>1</IsCustomizable>
      <CanBeDeleted>1</CanBeDeleted>
      <IsHidden>0</IsHidden>
      <FileName>/WebResources/dev1_jsClientjsDD721E6E-FFE3-E211-BCF3-000C299FFE7D</FileName>
    </WebResource>
    <WebResource>
      <WebResourceId>{757df9ef-0ae4-e211-bcf3-000c299ffe7d}</WebResourceId>
      <Name>dev1_ClientHooks</Name>
      <DisplayName>ClientHooks</DisplayName>
      <WebResourceType>3</WebResourceType>
      <IsCustomizable>1</IsCustomizable>
      <CanBeDeleted>1</CanBeDeleted>
      <IsHidden>0</IsHidden>
      <FileName>/WebResources/dev1_ClientHooks757DF9EF-0AE4-E211-BCF3-000C299FFE7D</FileName>
    </WebResource>
    <WebResource>
      <WebResourceId>{f01f152f-9be5-e211-bcf3-000c299ffe7d}</WebResourceId>
      <Name>dev1_/js/ClientHooks.js</Name>
      <DisplayName>dev1_/js/ClientHooks.js</DisplayName>
      <WebResourceType>3</WebResourceType>
      <IsCustomizable>1</IsCustomizable>
      <CanBeDeleted>1</CanBeDeleted>
      <IsHidden>0</IsHidden>
      <FileName>/WebResources/dev1_jsClientHooksjsF01F152F-9BE5-E211-BCF3-000C299FFE7D</FileName>
    </WebResource>
  </WebResources>
  <Languages>
    <Language>1033</Language>
    <Language>1031</Language>
  </Languages>
</ImportExportXml>